Make,Price,Year,FuelType,Transmission,Engine,Drivetrain,Length,Width,Height,SeatingCapacity,FuelTankCapacity
7,505000,2017,5,1,1198,1,3990,1680,1505,5,35
18,450000,2014,2,1,1248,1,3995,1695,1555,5,42
8,220000,2011,5,1,1197,1,3585,1595,1550,5,35
29,799000,2019,5,1,1197,1,3995,1745,1510,5,37
29,1950000,2018,2,1,2393,2,4735,1830,1795,7,55
18,675000,2017,5,1,1373,1,4490,1730,1485,5,43
1,2650000,2017,2,0,1995,0,4439,1821,1612,5,51
26,1390000,2017,5,0,1798,1,4670,1814,1476,5,50
22,575000,2015,2,1,1461,1,4331,1822,1671,5,50
8,591000,2017,5,1,1197,1,3985,1734,1505,5,45
24,459999,2018,5,1,999,1,3679,1579,1478,5,28
18,1075000,2019,5,0,1462,1,4490,1730,1485,5,43
28,1695000,2019,2,1,1956,1,4598,1894,1706,5,50
30,944999,2017,5,0,1197,1,3971,1682,1469,5,45
18,569000,2016,5,0,998,1,3695,1600,1560,5,35
18,449000,2019,5,1,796,1,3445,1515,1475,5,35
18,894999,2018,5,0,1197,1,3995,1745,1510,5,37
18,699000,2020,5,0,1197,1,3655,1620,1675,5,32
8,740000,2016,5,1,1591,1,4270,1780,1630,5,60
18,470000,2020,5,0,998,1,3565,1520,1564,5,27
30,765000,2015,5,0,1197,1,4384,1699,1466,5,55
8,589000,2018,5,0,1086,1,3610,1645,1560,5,35
8,999000,2019,5,1,998,1,3995,1770,1605,5,45
18,370000,2019,0,1,998,1,3545,1490,1475,4,60
18,325000,2013,5,1,1197,1,3775,1680,1620,5,43
8,1175000,2019,5,1,1591,1,4270,1780,1630,5,60
7,351000,2014,5,1,1198,1,3610,1680,1500,5,35
8,551000,2015,5,1,1197,1,3985,1734,1505,5,45
7,819999,2018,5,1,1199,1,3999,1734,1601,5,40
8,990000,2020,5,1,998,1,3995,1770,1605,5,45
8,925000,2016,2,0,1582,1,4270,1780,1630,5,60
6,535000,2015,5,1,999,1,3999,1765,1708,5,52
8,145000,2009,0,1,1086,1,3565,1525,1590,5,35
28,409000,2018,5,1,1199,1,3746,1647,1535,5,35
28,490000,2018,2,1,1047,1,3992,1677,1537,5,35
29,1900000,2019,2,1,2393,2,4735,1830,1795,8,55
20,3850000,2017,2,0,2143,0,4656,1890,1639,5,66
8,1125000,2018,2,1,1582,1,4270,1780,1665,5,55
20,2300000,2014,2,0,2143,0,4804,2141,1796,5,70
29,1095000,2016,5,0,1798,1,4620,1775,1475,5,55
0,1575000,2013,2,0,1968,1,4701,1826,1427,5,63
20,2400000,2010,5,0,1796,2,4082,1777,1297,2,70
8,525000,2015,5,1,1197,1,3985,1734,1505,5,45
17,625000,2015,2,1,2498,0,3920,1726,1930,6,60
18,605000,2019,5,1,1197,1,3995,1745,1500,5,37
18,412000,2016,5,0,998,1,3600,1600,1560,5,35
18,625000,2016,2,1,1248,1,4490,1730,1485,5,43
18,511000,2015,5,1,1373,1,4490,1730,1485,5,43
8,1150000,2017,2,0,1582,1,4270,1780,1630,5,60
8,885000,2016,5,1,1591,1,4270,1780,1630,5,60
24,470000,2019,5,0,999,1,3679,1579,1478,5,28
15,1611000,2019,2,1,1956,1,4655,1835,1760,5,60
28,475000,2017,5,0,1199,1,3746,1647,1535,5,35
29,865000,2015,2,1,2494,2,4585,1765,1760,7,55
1,3800000,2018,2,0,1995,0,4657,1881,1678,5,67
11,2475000,2020,2,0,1956,0,4395,1818,1640,5,60
17,400000,2014,2,1,2179,2,4430,1817,1975,8,60
7,440000,2016,5,1,1198,1,3610,1680,1500,5,35
1,2800000,2017,5,0,1998,2,4633,1811,1429,5,57
7,645000,2017,5,1,1497,1,4440,1695,1495,5,40
30,365000,2013,2,1,1199,1,3970,1682,1453,5,45
18,1044999,2021,5,1,1462,1,3995,1790,1640,5,48
18,515000,2019,5,1,1196,2,3675,1475,1800,7,40
8,455000,2015,5,0,1197,1,3765,1660,1520,5,43
1,1800000,2012,2,0,1995,0,4648,1881,1661,5,67
29,3499000,2019,2,0,2755,2,4795,1855,1835,7,80
7,190000,2006,5,1,1799,1,4545,1750,1450,5,50
18,775000,2021,5,0,1197,1,3845,1735,1530,5,37
8,825000,2021,2,1,1493,1,3995,1775,1505,5,37
0,2250000,2016,2,0,1968,1,4456,1796,1416,5,50
7,865000,2017,5,0,1497,1,4440,1695,1495,5,40
6,299000,2013,2,1,1399,1,3795,1680,1427,5,45
7,570000,2017,5,1,1199,1,3955,1694,1544,5,40
30,385000,2013,5,1,1198,1,3970,1682,1453,5,45
7,350000,2014,2,1,1498,1,3990,1680,1505,5,35
29,2345000,2017,5,0,2494,1,4825,1825,1480,5,70
17,1650000,2022,5,0,1997,0,3985,1820,1844,4,57
20,1100000,2011,2,0,2143,2,4596,1770,1447,5,66
0,2900000,2018,2,0,1968,0,4385,1831,1608,5,64
18,545000,2017,5,1,1197,1,3995,1745,1500,5,37
1,2990000,2018,2,0,1995,2,4454,2044,1545,5,63
18,615000,2017,5,1,1197,1,3995,1745,1500,5,37
8,890000,2016,2,0,1582,1,4270,1780,1630,5,60
30,430000,2015,5,1,1598,1,4384,1699,1466,5,55
20,1650000,2013,2,0,2143,2,4596,1770,1447,5,66
29,1599000,2015,5,0,2494,1,4825,1825,1480,5,65
18,691000,2019,5,1,1197,1,3995,1735,1515,5,37
22,650000,2016,2,1,1461,1,4331,1822,1671,5,50
18,415000,2015,0,1,998,1,3599,1495,1700,5,35
18,669000,2016,2,1,1248,1,3995,1790,1640,5,48
23,16200000,2022,5,0,2995,0,4931,1983,1676,4,75
20,5100000,2017,5,0,1991,2,4686,1810,1409,4,59
8,525000,2015,5,1,1197,1,3985,1734,1505,5,45
8,750000,2018,5,1,1591,1,4375,1700,1475,5,43
7,445000,2016,5,1,1198,1,3990,1680,1505,5,35
29,493000,2012,5,1,1798,1,4540,1760,1480,5,55
8,611000,2017,5,1,1197,1,3985,1734,1505,5,45
8,475000,2014,5,0,1197,1,3765,1660,1520,5,43
8,925000,2017,5,1,1591,1,4270,1780,1630,5,60
0,1325000,2012,2,0,1968,1,4915,1874,1455,5,65
1,3900000,2021,2,0,1995,2,4454,2044,1545,5,63
17,1299000,2020,2,1,1497,1,3995,1821,1627,5,42
18,580000,2018,2,1,1248,1,3840,1735,1530,5,37
17,1575000,2021,5,1,1997,0,3985,1820,1844,4,57
7,375000,2011,5,1,1497,1,4420,1695,1480,5,42
20,2250000,2015,2,0,2143,2,4879,1854,1474,5,80
29,1400000,2014,2,0,2982,2,4705,1840,1850,7,80
28,425000,2017,2,1,1248,1,3995,1706,1570,5,44
26,425000,2014,5,0,1598,1,4386,1699,1466,5,55
18,250000,2015,5,1,796,1,3395,1490,1475,5,35
18,425000,2012,2,1,1248,1,4265,1695,1685,7,45
6,235000,2014,2,1,1399,1,3795,1680,1427,5,45
0,3050000,2020,2,0,1968,1,4456,1796,1416,5,50
28,2145000,2020,2,1,1956,1,4598,1894,1706,5,50
8,1245000,2021,5,0,998,1,3995,1775,1505,5,37
8,549000,2015,5,1,1197,1,3985,1734,1505,5,45
30,484999,2013,2,1,1199,1,3970,1682,1453,5,45
18,415000,2014,5,1,1197,1,3995,1695,1555,5,42
8,200000,2013,0,1,1086,1,3565,1525,1590,5,35
8,375000,2015,5,1,1197,1,3765,1660,1520,5,43
8,1875000,2022,5,0,1353,1,4300,1790,1635,5,50
0,2950000,2020,5,0,1984,0,4318,1805,1548,5,55
0,4900000,2018,2,0,2967,0,5052,1968,1740,7,75
8,1050000,2020,5,0,998,1,3995,1775,1505,5,37
8,470000,2013,2,1,1582,1,4370,1700,1475,5,43
18,345000,2017,5,1,998,1,3599,1495,1700,5,35
17,550000,2007,2,1,2609,2,4495,1817,1975,7,60
8,484999,2018,5,1,1197,1,3765,1660,1520,5,43
29,3350000,2018,2,0,2755,2,4795,1855,1835,7,80
0,5651000,2022,5,0,1984,0,4663,1898,1659,5,70
24,890000,2020,5,1,1498,1,4360,1822,1695,5,50
18,325000,2012,5,1,1197,1,3995,1695,1555,5,42
8,1390000,2019,5,0,1591,1,4270,1780,1665,5,55
8,459999,2016,5,1,1197,1,3765,1660,1520,5,43
11,1075000,2017,2,1,1956,1,4395,1818,1640,5,60
8,484999,2013,2,1,1582,1,4440,1729,1475,5,45
8,385000,2013,5,1,1197,1,3995,1710,1505,5,45
0,3900000,2018,2,0,1968,1,4933,1874,1455,5,75
17,1050000,2019,2,1,1497,1,4585,1866,1774,8,45
12,1575000,2019,2,1,1493,1,4315,1800,1645,5,50
18,655000,2016,5,1,1197,1,3995,1745,1500,5,37
20,4500000,2019,2,0,1950,2,5063,1860,1494,5,80
18,865000,2016,2,1,1248,1,4296,1695,1685,7,45
8,699000,2017,5,1,1591,1,4370,1700,1475,5,43
8,425000,2012,2,1,1582,1,4370,1700,1475,5,43
13,6500000,2020,2,0,1999,0,4600,2069,1724,7,70
29,2900000,2017,2,0,2755,2,4795,1855,1835,7,80
20,4550000,2017,2,0,2143,0,4819,2141,1796,5,93
8,490000,2015,5,1,1197,1,3995,1660,1520,5,43
20,11500000,2016,5,0,4663,2,5453,1899,1498,4,70
8,1475000,2019,5,0,1591,1,4270,1780,1665,5,55
15,1764999,2021,5,0,1498,1,4323,1809,1650,5,48
7,250000,2006,5,0,2354,0,4630,1780,1710,5,58
18,245000,2016,5,1,796,1,3395,1490,1475,5,35
24,490000,2015,2,1,1461,1,4315,1822,1695,5,50
8,550000,2017,5,1,1197,1,3765,1660,1520,5,43
7,675000,2016,5,1,1497,1,4440,1695,1495,5,40
20,2225000,2015,5,0,1991,2,4686,1810,1442,5,66
8,560000,2016,2,1,1396,1,3985,1734,1505,5,40
26,225000,2012,5,1,1598,1,4000,1642,1522,5,45
26,499000,2014,2,0,1498,1,4386,1699,1466,5,55
12,1055000,2020,5,0,998,1,3995,1790,1647,5,45
17,2048999,2020,2,0,2179,1,4585,1890,1785,7,70
1,2775000,2018,2,0,1995,2,4633,1811,1429,5,57
20,1650000,2015,2,0,2143,1,4417,1804,1494,5,50
0,1450000,2014,2,0,1968,1,4915,1874,1455,5,65
17,600000,2014,2,1,2179,2,4430,1817,1975,8,60
29,1675000,2014,2,1,2982,0,4705,1840,1850,7,80
8,575000,2015,5,1,1197,1,3985,1734,1505,5,45
6,699000,2017,2,1,1498,1,3999,1765,1708,5,52
0,2450000,2014,2,0,2967,0,5089,1983,1737,6,100
20,2775000,2016,2,0,2143,2,4686,1810,1442,5,66
18,430000,2020,5,1,998,1,3565,1520,1564,5,27
17,1165000,2018,2,1,2179,2,4456,1820,1995,7,60
15,1780000,2020,2,1,1956,1,4655,1835,1760,5,60
18,295000,2011,2,1,1248,1,3760,1690,1530,5,43
18,495000,2017,2,1,1248,1,3840,1735,1530,5,37
7,975000,2019,5,1,1497,1,4440,1695,1495,5,40
24,425000,2014,2,1,1461,1,4315,1822,1695,5,50
0,1350000,2012,2,0,1968,0,4385,1831,1608,5,64
20,3200000,2014,2,0,2987,0,4781,1911,1774,5,95
31,1250000,2013,2,0,1984,1,4370,1783,1458,5,60
1,5600000,2018,2,0,2993,2,4899,2094,1464,5,65
18,560000,2013,2,1,1248,1,3995,1695,1555,5,42
17,1221000,2019,2,1,2179,2,4456,1820,1995,7,60
7,295000,2009,5,0,1497,1,4420,1695,1480,5,42
20,1300000,2012,5,0,1796,2,4596,1770,1447,5,66
8,950000,2016,2,0,1582,1,4270,1780,1630,5,60
20,1350000,2012,2,0,2987,2,4868,1854,1471,5,80
20,2682000,2015,2,0,2997,0,4804,2141,1796,5,70
18,286000,2017,5,1,796,1,3395,1490,1475,5,35
8,340000,2013,2,1,1336,1,3995,1710,1505,5,45
26,1125000,2020,5,0,999,1,4413,1699,1466,5,55
28,580000,2018,5,0,1198,1,3994,1811,1607,5,44
18,495000,2015,5,1,1197,1,3995,1695,1555,5,42
18,550000,2014,2,1,1248,1,3995,1695,1555,5,42
12,1485000,2021,2,0,1493,1,3995,1790,1647,5,45
26,885000,2018,5,1,1598,1,4413,1699,1466,5,55
0,3650000,2012,5,0,4163,0,4649,1860,1366,5,64
8,715000,2020,5,0,1197,1,3805,1680,1520,5,37
20,2485000,2012,5,0,3496,0,5157,2183,1659,7,80
29,2250000,2020,2,1,2393,2,4735,1830,1795,7,55
8,1050000,2017,2,0,1582,1,4270,1780,1630,5,60
29,3600000,2018,2,0,2755,2,4795,1855,1835,7,80
7,295000,2010,5,1,1497,1,4420,1695,1480,5,42
24,375000,2019,5,1,799,1,3679,1579,1478,5,28
0,7200000,2021,5,0,1984,1,4915,1874,1455,5,75
28,2395000,2021,2,0,1956,1,4661,1894,1786,6,50
0,1775000,2014,2,0,1968,1,4915,1874,1455,5,65
7,325000,2014,5,1,1198,1,3610,1680,1500,5,35
18,425000,2013,2,1,1248,1,3850,1695,1530,5,42
17,1475000,2020,2,1,2179,2,4456,1820,1995,7,60
29,1580000,2018,2,0,2755,2,4735,1830,1795,7,55
7,869000,2021,5,0,1199,1,3995,1695,1501,5,35
20,5850000,2019,2,0,2143,0,4819,2141,1796,5,93
11,1900000,2020,2,0,1956,0,4395,1818,1640,5,60
19,9000000,2017,2,0,2979,0,5005,1981,1693,5,80
29,3550000,2020,2,0,2755,2,4795,1855,1835,7,80
23,3500000,2014,5,0,4806,0,4846,1939,1702,5,100
29,2425000,2022,2,0,2393,2,4735,1830,1795,7,55
29,750000,2011,2,1,2982,0,4695,1840,1850,7,80
0,2200000,2014,2,0,2967,0,5089,1983,1737,7,100
18,520000,2019,0,1,998,1,3655,1620,1675,5,60
18,390000,2018,5,1,998,1,3545,1490,1475,5,35
18,540000,2015,5,1,1373,1,4490,1730,1485,5,43
18,699000,2018,2,0,1248,1,3840,1735,1530,5,37
8,484999,2013,2,1,1582,1,4370,1700,1475,5,43
20,7500000,2021,5,0,2996,2,4702,1810,1434,4,66
20,850000,2011,2,0,2143,2,4868,1854,1471,5,90
28,1085000,2018,5,0,1198,1,3994,1811,1607,5,44
18,319000,2013,5,1,796,1,3395,1490,1475,5,35
17,549000,2012,2,1,2179,1,4585,1890,1785,7,70
28,1725000,2019,2,1,1956,1,4598,1894,1706,5,50
7,475000,2015,2,1,1498,1,4386,1683,1603,7,42
28,890000,2022,5,1,1199,1,3827,1742,1615,5,37
8,445000,2016,5,1,1197,1,3765,1660,1520,5,43
7,1060000,2019,5,1,1497,1,4440,1695,1495,5,40
18,690000,2017,2,1,1248,1,3995,1745,1500,5,37
10,4200000,2018,2,0,1999,0,4731,2071,1651,5,82
13,12500000,2022,5,0,1997,0,4879,2073,1803,5,104
29,1750000,2015,2,0,2982,0,4705,1840,1850,7,80
24,395000,2018,5,1,999,1,3679,1579,1478,5,28
1,2790000,2018,2,0,1995,1,4439,1821,1612,5,51
0,2475000,2018,2,0,1968,0,4385,1831,1608,5,64
18,145000,2009,5,1,1061,1,3520,1475,1690,5,35
8,750000,2018,5,0,1197,1,3985,1734,1505,5,40
17,950000,2016,2,1,2179,1,4585,1890,1785,7,70
8,569000,2018,5,1,1197,1,3765,1660,1520,5,43
18,470000,2016,5,1,1197,1,3995,1695,1555,5,42
23,5350000,2015,2,0,2967,0,4846,2155,1705,5,85
22,450000,2014,2,1,1461,1,4331,1822,1671,5,50
24,299000,2016,5,1,999,1,3679,1579,1478,5,28
8,1875000,2020,5,0,1353,1,4300,1790,1635,5,50
17,1825000,2022,2,0,2184,0,3985,1820,1844,4,57
13,4459000,2018,2,0,2179,0,4600,2069,1724,7,65
29,790000,2019,5,0,1197,1,3995,1745,1510,5,37
8,1095000,2017,5,0,1591,1,4270,1780,1630,5,60
29,1950000,2020,2,1,2393,2,4735,1830,1795,7,55
30,525000,2015,5,0,1198,1,3970,1682,1453,5,45
9,2100000,2018,2,0,2999,2,4825,1860,1840,7,65
18,270000,2014,5,1,998,1,3620,1475,1460,5,35
29,894999,2015,5,0,1798,1,4620,1775,1475,5,55
8,335000,2013,5,0,1197,1,3585,1595,1550,5,35
28,1000000,2018,2,1,2179,2,4788,1903,1791,7,60
8,220000,2009,5,1,1197,1,3565,1595,1550,5,35
8,960000,2016,5,0,1591,1,4270,1780,1630,5,60
20,7200000,2018,2,0,2987,0,5130,1934,1850,7,100
0,1300000,2014,2,0,1968,0,4385,1831,1608,5,64
30,375000,2013,5,1,1198,1,3970,1682,1453,5,45
10,3299000,2017,2,0,1999,2,4795,1967,1416,5,56
0,1798999,2016,2,0,1968,0,4385,1831,1608,5,64
8,545000,2014,5,1,1591,1,4370,1700,1475,5,43
8,1085000,2022,5,1,998,1,3995,1770,1605,5,45
18,725000,2018,2,1,1248,1,3995,1790,1640,5,48
1,1090000,2012,2,0,1995,0,4648,1881,1661,5,67
7,900000,2019,5,1,1199,1,3999,1734,1601,5,40
1,3400000,2016,2,0,1995,2,4936,1868,1479,5,65
7,295000,2014,2,1,1498,1,3990,1680,1505,5,35
28,2251000,2021,2,0,1956,1,4598,1894,1706,5,50
23,9300000,2019,5,0,3436,0,4491,1852,1304,4,68
18,430000,2016,0,1,998,1,3599,1495,1700,5,35
18,600000,2017,2,1,1248,1,4490,1730,1485,5,43
8,1595000,2017,5,0,1999,1,4475,1850,1660,5,62
8,375000,2013,5,1,1197,1,3995,1710,1505,5,45
31,1200000,2015,2,0,1984,1,4370,1783,1458,5,60
29,1525000,2014,2,0,2982,2,4705,1840,1850,7,80
20,2675000,2016,5,0,1991,2,4686,1810,1442,5,66
7,545000,2015,5,0,1199,1,3955,1694,1544,5,40
20,7900000,2017,2,0,2925,2,5246,1899,1494,5,70
7,195000,2010,5,1,1198,1,3900,1695,1535,5,42
1,4550000,2021,2,0,1995,2,4709,1827,1435,5,59
13,2499000,2015,2,0,2179,0,4465,1900,1635,5,57
8,1097000,2022,2,1,1493,1,3995,1770,1605,5,45
30,1095000,2020,5,0,1197,1,3971,1682,1469,5,45
18,325000,2015,0,1,998,1,3599,1495,1700,5,35
17,1375000,2019,2,1,2179,0,4456,1820,1995,7,60
18,745000,2021,5,1,1197,1,3845,1735,1530,5,37
29,2175000,2017,2,1,2393,2,4735,1830,1795,7,55
11,1250000,2017,5,0,1368,1,4395,1818,1640,5,60
18,500000,2017,2,1,1248,1,3850,1695,1530,5,42
7,625000,2017,5,1,1199,1,3999,1734,1601,5,40
7,250000,2011,5,1,1497,1,4420,1695,1480,5,42
30,650000,2017,5,0,1197,1,4384,1699,1466,5,55
7,310000,2014,5,1,1198,1,3610,1680,1500,5,35
24,600000,2017,5,1,1498,1,4315,1822,1695,5,50
6,295000,2013,2,1,1498,1,4291,1722,1496,5,43
17,484999,2012,2,1,2179,1,4585,1890,1785,7,70
1,4250000,2018,5,0,1998,2,4936,1868,1479,5,57
28,375000,2013,2,1,2179,2,4655,1965,1922,7,55
12,1625000,2021,5,0,1353,1,4315,1800,1645,5,50
23,5350000,2016,2,0,2967,0,4855,1939,1705,5,85
1,4250000,2017,2,0,2993,0,4922,2004,1745,5,80
6,480000,2014,2,1,1498,1,3999,1765,1708,5,52
8,590000,2020,5,1,1197,1,3805,1680,1520,5,37
8,561000,2015,2,1,1396,1,3985,1734,1505,5,45
29,725000,2014,5,1,1798,1,4540,1760,1480,5,55
8,645000,2013,5,1,1797,1,4530,1775,1470,5,56
0,1695000,2015,2,0,1968,0,4385,1831,1608,5,64
18,450000,2016,5,1,1197,1,3850,1695,1530,5,42
17,1375000,2016,2,1,2179,1,4585,1890,1785,7,70
17,1700000,2021,5,1,1997,0,3985,1820,1855,4,57
18,525000,2016,5,1,1197,1,3850,1695,1530,5,42
18,590000,2018,2,1,1248,1,3995,1735,1515,5,37
29,1495000,2014,2,0,2982,2,4705,1840,1850,7,80
1,3300000,2017,2,0,1995,2,4899,2094,1464,5,65
7,385000,2013,2,1,1498,1,3990,1680,1505,5,35
18,535000,2020,5,1,998,1,3636,1475,1670,5,35
18,875000,2018,2,1,1248,1,3995,1790,1640,5,48
18,295000,2010,5,1,1298,1,4160,1690,1530,5,43
8,969999,2018,2,1,1582,1,4270,1780,1665,5,55
7,1700000,2022,5,0,1498,1,4549,1748,1489,5,40
8,1789999,2018,5,0,1999,1,4475,1850,1660,5,62
29,1964999,2020,5,1,2694,2,4735,1830,1795,7,65
0,4000000,2014,5,0,1984,0,4198,1842,1353,2,60
28,484999,2018,5,0,1199,1,3746,1647,1535,5,35
18,580000,2019,5,1,1197,1,3850,1695,1530,5,42
7,450000,2014,5,1,1497,1,4440,1695,1495,5,40
18,355000,2020,5,1,796,1,3395,1490,1475,5,35
0,2375000,2017,2,0,1968,0,4385,1831,1608,5,64
20,6500000,2020,5,0,1991,2,4686,1810,1409,4,59
28,1050000,2022,5,1,1199,1,3993,1811,1606,5,44
6,445000,2014,2,1,1498,1,3998,1765,1647,5,52
7,495000,2015,5,1,1199,1,3955,1694,1544,5,40
8,275000,2011,5,1,1197,1,3585,1595,1550,5,35
7,465000,2014,5,0,1198,1,3990,1680,1505,5,35
11,1050000,2017,2,1,1956,1,4395,1818,1640,5,60
20,4900000,2022,5,0,1497,2,4686,1810,1442,5,66
8,695000,2020,0,1,1197,1,3805,1680,1520,5,60
29,3210000,2018,2,0,2755,2,4795,1855,1835,7,80
7,269000,2009,5,1,1497,1,4420,1695,1480,5,42
8,445000,2018,2,1,1186,1,3995,1660,1520,5,43
13,5950000,2021,2,0,1999,0,4371,1996,1649,5,66
1,3800000,2018,2,0,1995,0,4657,1881,1678,5,67
8,1000000,2018,5,0,1591,1,4270,1780,1630,5,60
17,1490000,2018,2,1,2179,0,4456,1820,1995,7,60
15,1550000,2022,5,1,1498,1,4323,1809,1650,5,48
29,484999,2017,2,1,1364,1,3884,1695,1510,5,45
7,425000,2014,2,1,1498,1,4440,1695,1495,5,40
17,1150000,2014,2,1,2179,2,4456,1820,1995,8,60
26,3195000,2021,5,0,1798,1,4861,1864,1483,5,66
8,725000,2016,2,1,1396,1,3995,1760,1555,5,45
20,2450000,2014,2,0,2997,0,4804,2141,1796,5,70
18,741000,2017,5,0,1373,1,4490,1730,1485,5,43
20,7350000,2022,2,0,1950,2,5063,1860,1494,5,80
17,1550000,2020,2,1,2184,0,3985,1820,1920,6,57
7,645000,2015,2,1,1498,1,4440,1695,1495,5,40
7,550000,2014,2,1,1498,1,4440,1695,1495,5,40
18,595000,2017,5,0,1197,1,3995,1745,1500,5,37
31,1595000,2015,2,0,1984,1,4370,1783,1458,5,60
18,500000,2017,5,0,998,1,3715,1635,1565,5,35
18,345000,2016,5,1,998,1,3599,1495,1700,5,35
18,299000,2013,5,1,998,1,3636,1475,1670,5,35
18,160000,2008,5,1,1061,1,3520,1475,1690,5,35
18,570000,2017,5,0,1197,1,3995,1745,1500,5,37
24,800000,2021,5,0,999,1,3991,1750,1605,5,40
8,315000,2013,5,1,998,1,3515,1500,1510,5,32
20,1850000,2011,5,0,3498,2,5226,2120,1479,5,90
18,610000,2022,0,1,998,1,3565,1520,1564,4,55
29,1995000,2018,2,1,2393,2,4735,1830,1795,8,55
12,1875000,2021,2,0,1493,1,4315,1800,1645,5,50
8,1748999,2022,5,0,1497,1,4300,1790,1635,5,50
26,640000,2016,2,1,1598,1,4386,1699,1466,5,55
8,779000,2016,5,1,1197,1,3985,1734,1505,5,45
7,1450000,2021,5,0,1497,1,4440,1695,1495,5,40
28,890000,2018,5,0,1198,1,3994,1811,1607,5,44
18,625000,2017,5,1,1197,1,3995,1745,1500,5,37
20,8500000,2019,2,0,2987,0,5130,1934,1850,7,100
0,2900000,2011,5,0,4163,0,4649,1860,1366,5,64
20,4550000,2018,2,0,2143,0,4656,1890,1639,5,66
26,2500000,2017,2,0,1968,1,4861,1864,1483,5,66
18,249000,2014,1,1,796,1,3395,1490,1475,5,35
6,270000,2015,5,1,1196,1,3795,1680,1427,5,45
18,825000,2019,5,0,1197,1,3995,1735,1515,5,37
18,425000,2017,5,0,998,1,3695,1600,1560,5,35
8,459999,2016,2,1,1186,1,3765,1660,1520,5,43
20,980000,2011,5,0,2497,2,4868,1854,1471,5,80
24,789000,2017,5,1,1498,1,4315,1822,1695,5,50
1,5100000,2022,5,0,1998,2,4633,1811,1429,5,57
17,775000,2014,2,1,2179,2,4456,1820,1995,8,60
8,1400000,2019,5,0,1591,1,4270,1780,1630,5,60
18,770000,2015,2,1,1248,1,4265,1695,1685,7,45
8,450000,2016,5,1,1197,1,3765,1660,1520,5,43
7,840000,2019,5,1,1497,1,4440,1695,1495,5,40
20,18500000,2021,5,0,3982,2,5462,1899,1498,4,70
13,4000000,2017,2,0,1999,0,4360,2120,1635,5,57
17,690000,2015,2,1,1997,1,4585,1890,1785,7,70
20,2800000,2018,2,0,2143,1,4630,1777,1432,5,56
8,525000,2018,2,1,1120,1,3995,1660,1520,5,43
20,7780000,2022,2,0,1950,2,5063,1860,1494,5,80
28,1200000,2017,2,0,2179,2,4788,1903,1791,7,60
6,620000,2017,2,1,1498,1,3998,1765,1647,5,52
10,5200000,2019,2,0,1999,0,4731,2071,1651,5,82
20,1998999,2017,2,0,2143,1,4630,1777,1432,5,56
29,2725000,2020,2,0,2393,2,4735,1830,1795,7,55
18,590000,2019,5,1,1197,1,3850,1695,1530,5,42
16,1489000,2014,2,0,1995,1,4097,1789,1561,5,47
18,685000,2018,2,0,1248,1,3995,1735,1515,5,37
17,1121000,2019,2,1,2523,2,4456,1820,1930,7,60
18,545000,2019,5,1,998,1,3599,1495,1700,5,35
0,1350000,2015,2,0,1968,0,4385,1831,1608,5,64
18,1299000,2021,5,1,1462,1,4445,1775,1700,6,45
6,450000,2016,2,1,1498,1,3995,1695,1525,5,40
23,9000000,2017,5,0,1988,2,4379,1801,1295,2,54
18,550000,2019,5,1,1197,1,3850,1695,1530,5,42
1,4390000,2020,2,0,1995,2,4633,1811,1429,5,57
18,445000,2015,0,1,998,1,3599,1495,1700,5,35
8,495000,2015,5,1,1591,1,4375,1700,1475,5,43
8,360000,2015,5,1,998,1,3515,1550,1510,5,32
18,345000,2007,5,0,1995,0,4470,1810,1695,5,66
8,565000,2016,5,0,1197,1,3765,1660,1520,5,43
20,9390000,2022,2,0,1950,0,4924,2157,1772,5,93
17,615000,2017,2,0,1493,2,3995,1835,1839,7,60
7,525000,2015,2,1,1498,1,4440,1695,1495,5,40
1,2650000,2018,2,0,1995,2,4454,2044,1545,5,63
1,3785000,2019,2,0,1995,2,4454,2044,1545,5,63
0,1175000,2012,2,0,1968,1,4915,1874,1455,5,65
20,6400000,2022,2,0,1950,0,4658,1890,1644,5,66
1,1450000,2013,2,0,1995,2,4624,2031,1429,5,60
7,1390000,2022,5,0,1498,1,4549,1748,1489,5,40
4,35000000,2018,5,0,3902,2,4568,1952,1213,2,78
30,2990000,2020,2,0,1968,0,4486,1839,1672,5,71
13,2150000,2012,2,0,2179,0,4355,2120,1635,5,57
20,8500000,2018,5,0,2996,0,4891,2003,1719,5,93
18,400000,2016,0,1,998,1,3599,1495,1700,5,35
28,49000,2010,5,1,624,2,3099,1495,1652,4,15
18,610000,2017,2,1,1248,1,3850,1695,1530,5,42
8,1075000,2019,5,0,1591,1,4270,1780,1665,5,55
20,7500000,2021,2,0,1950,2,5063,1860,1494,5,80
29,1321000,2018,5,0,1798,1,4620,1775,1475,5,55
18,950000,2020,2,1,1248,1,4300,1785,1595,5,48
18,825000,2021,5,1,1197,1,3995,1745,1500,5,37
21,1300000,2013,2,1,2477,0,4695,1815,1840,7,70
18,465000,2014,5,1,1197,1,3850,1695,1530,5,42
18,475000,2016,2,1,1248,1,3995,1695,1555,5,42
0,1775000,2015,2,0,1968,0,4385,1831,1608,5,64
30,825000,2018,5,0,1197,1,4390,1699,1467,5,55
6,3450000,2019,2,0,3198,0,4892,1860,1837,7,80
28,379000,2018,5,1,1047,1,3746,1647,1535,5,35
3,240000,2017,5,1,1198,1,3785,1635,1485,5,35
12,1525000,2021,5,1,1497,1,4315,1800,1645,5,50
1,1400000,2014,2,0,1995,2,4624,2031,1429,5,60
20,2450000,2018,2,0,2143,1,4424,1804,1494,5,50
20,1789999,2015,2,0,2143,1,4417,1804,1494,5,50
20,4275000,2019,2,0,1950,2,4686,1810,1442,5,66
8,775000,2020,5,1,1197,1,3995,1775,1505,5,37
18,229999,2012,5,1,998,1,3600,1495,1595,5,35
8,300000,2018,5,1,814,1,3495,1550,1500,5,32
18,160000,2011,5,1,998,1,3545,1490,1475,5,35
20,8300000,2020,2,0,1950,0,4924,2157,1772,5,93
0,1685000,2016,2,0,1968,0,4385,1831,1608,5,64
8,270000,2010,5,1,1197,1,3565,1595,1550,5,35
18,210000,2014,5,1,796,1,3395,1490,1475,5,35
8,625000,2017,5,1,1197,1,3985,1734,1505,5,45
1,6900000,2017,2,0,2993,2,5219,1902,1481,4,78
12,1490000,2019,5,0,1353,1,4315,1800,1645,5,50
17,1095000,2018,2,1,2179,1,4585,1890,1785,7,70
6,850000,2014,2,0,2953,0,5060,1788,1826,7,71
8,1600000,2016,2,0,1995,1,4475,1850,1660,5,62
29,265000,2011,5,1,1496,1,4265,1695,1510,5,45
30,360000,2013,5,1,1598,1,4384,1699,1466,5,55
29,1485000,2015,2,1,2982,2,4705,1840,1850,7,80
18,800000,2017,5,1,1373,1,4490,1730,1485,5,43
18,710000,2017,2,1,1248,1,3995,1790,1640,5,48
18,710000,2018,2,1,1598,1,4300,1765,1590,5,48
30,720000,2018,5,1,999,1,3971,1682,1469,5,45
7,395000,2014,5,1,1198,1,3990,1680,1505,5,35
0,2799000,2017,2,0,1968,1,4726,1842,1427,5,54
6,455000,2014,5,1,1499,1,3999,1765,1708,5,52
7,690000,2014,5,1,1497,1,4440,1695,1495,5,40
20,13000000,2021,2,0,2925,0,5207,2157,1823,7,90
28,1995000,2020,2,0,1956,1,4598,1894,1706,5,50
1,1750000,2014,2,0,1995,2,4899,2094,1464,5,65
1,2900000,2019,2,0,1995,2,4454,2044,1545,5,63
1,4500000,2022,2,0,1995,2,4454,2044,1545,5,63
7,450000,2013,5,1,1497,1,4440,1695,1485,5,42
1,2149000,2015,2,0,1995,2,4936,1868,1479,5,65
20,4200000,2015,2,0,2987,0,5120,1934,1850,7,100
28,860000,2018,2,1,1497,1,3994,1811,1607,5,44
7,875000,2018,5,1,1497,1,4440,1695,1495,5,40
17,580000,2011,2,1,2179,0,4430,1817,1975,7,60
15,3500000,2021,2,0,1996,0,4985,1926,1867,6,75
18,229999,2010,5,1,1298,1,4160,1690,1530,5,43
0,1513000,2015,2,0,1968,0,4385,1831,1608,5,64
18,234000,2013,5,1,998,1,3620,1475,1460,5,35
3,320000,2018,5,0,999,1,3429,1560,1541,5,28
1,5975000,2021,2,0,1995,0,4657,1881,1678,5,67
18,1025000,2019,2,1,1248,1,3995,1790,1640,5,48
18,630000,2017,2,1,1248,1,3995,1735,1515,5,37
8,1090000,2020,5,0,998,1,3995,1770,1605,5,45
18,700000,2019,5,1,1197,1,3840,1735,1530,5,37
18,661000,2021,5,1,1197,1,3845,1735,1530,5,37
17,565000,2017,2,1,1493,2,3995,1835,1839,7,60
29,750000,2014,2,1,2494,2,4585,1760,1760,7,55
0,1850000,2015,2,0,1968,0,4385,1831,1608,5,64
17,850000,2016,2,1,2179,1,4585,1890,1785,7,70
8,535000,2016,2,1,1396,1,3985,1734,1505,5,45
18,770000,2019,2,0,1248,1,3995,1735,1515,5,37
1,3650000,2019,5,0,1998,2,4633,1811,1429,5,57
12,1195000,2022,5,1,998,1,3995,1790,1647,5,45
20,1650000,2012,5,0,5461,2,5226,2120,1479,5,90
26,3199000,2021,5,0,1798,1,4861,1864,1483,5,66
20,7100000,2022,5,0,1991,2,5063,1860,1494,5,80
30,625000,2016,5,0,1197,1,3971,1682,1469,5,45
18,745000,2018,2,1,1248,1,3995,1790,1640,5,48
8,551000,2021,5,1,1086,1,3610,1645,1560,5,35
20,5950000,2019,2,0,1950,2,5063,1860,1494,5,80
13,22000000,2019,2,0,2993,0,4999,2220,1835,5,105
16,3300000,2019,2,0,1496,1,3821,1727,1414,5,44
6,3250000,2019,2,0,3198,0,4903,1869,1837,7,80
24,690000,2016,2,0,1461,1,4315,1822,1695,5,50
18,894999,2019,2,0,1248,1,3995,1790,1640,5,48
26,550000,2016,2,1,1598,1,4386,1699,1466,5,55
6,399000,2013,2,1,1498,1,3999,1765,1708,5,52
12,1275000,2020,5,1,1497,1,4315,1800,1645,5,50
18,535000,2020,5,1,1196,2,3675,1475,1800,5,40
18,825000,2018,2,1,1248,1,3995,1790,1640,5,48
6,585000,2016,2,1,1498,1,3998,1765,1647,5,52
7,675000,2017,5,0,1199,1,3955,1694,1544,5,40
18,795000,2017,2,1,1248,1,4300,1785,1595,5,48
20,6500000,2021,5,0,1991,2,5063,1860,1494,5,80
8,611000,2017,2,1,1396,1,3985,1734,1505,5,45
18,390000,2015,5,1,998,1,3599,1495,1700,5,35
18,650000,2019,5,1,1197,1,3850,1695,1530,5,42
24,390000,2013,2,1,1461,1,4618,1813,1488,5,67
0,2400000,2017,2,0,1968,1,4726,1842,1427,5,54
18,385000,2011,5,1,1197,1,3850,1695,1530,5,42
18,450000,2017,5,1,1197,1,3995,1695,1555,5,42
8,649000,2020,5,1,1197,1,3765,1660,1520,5,43
0,2900000,2019,2,0,1968,1,4456,1796,1416,5,50
18,400000,2014,2,1,1248,1,3995,1695,1555,5,42
8,599000,2020,5,0,1197,1,3805,1680,1520,5,37
29,2980000,2019,2,1,2755,2,4795,1855,1835,7,80
0,3500000,2018,5,0,1395,1,4726,1842,1427,5,54
7,400000,2016,5,1,1199,1,3955,1694,1544,5,40
20,6975000,2022,5,0,1991,2,4658,1890,1644,5,66
20,5400000,2016,2,0,2143,0,4819,2141,1796,5,93
20,3700000,2015,2,0,2987,0,5120,1934,1850,7,100
18,445000,2018,5,1,998,1,3600,1600,1560,5,35
17,1475000,2021,2,1,2184,0,3985,1820,1844,4,57
29,2800000,2016,2,0,2755,2,4795,1855,1835,7,80
18,600000,2020,5,1,1197,1,3850,1695,1530,5,42
12,1835000,2020,2,0,1493,1,4315,1800,1645,5,50
18,550000,2019,0,1,998,1,3655,1620,1675,5,60
18,715000,2017,2,1,1248,1,3995,1790,1640,5,48
17,2540000,2022,2,0,2184,1,4695,1890,1755,7,60
18,525000,2019,0,1,998,1,3655,1620,1675,5,60
8,425000,2015,5,1,1197,1,3765,1660,1520,5,43
8,795000,2022,5,0,1197,1,3995,1775,1505,5,37
7,269000,2010,5,1,1497,1,4420,1695,1480,5,42
8,565000,2014,2,1,1582,1,4370,1700,1475,5,43
1,2550000,2015,2,0,1995,2,4899,2094,1464,5,65
8,529000,2015,5,1,1197,1,3995,1760,1555,5,45
18,400000,2019,5,1,998,1,3545,1490,1475,5,35
18,975000,2019,5,1,1462,1,4445,1775,1700,6,45
1,2600000,2017,2,0,1995,1,4439,1821,1612,5,51
20,2390000,2013,2,0,2987,0,5120,1934,1850,7,100
12,1550000,2019,5,1,1353,1,4315,1800,1645,5,50
18,430000,2019,5,0,998,1,3545,1490,1475,5,35
18,600000,2018,5,1,1197,1,3995,1745,1500,5,37
29,1650000,2018,5,0,1798,1,4620,1775,1475,5,55
0,9400000,2022,5,0,2995,0,5064,1970,1703,7,85
18,250000,2014,5,1,998,1,3620,1475,1460,5,35
17,994999,2016,2,0,2179,1,4585,1890,1785,7,70
18,675000,2016,2,1,1248,1,3995,1790,1640,5,48
18,455000,2014,5,1,1197,1,3995,1695,1555,5,42
18,345000,2016,5,1,998,1,3599,1495,1700,5,35
1,4700000,2022,5,0,1998,1,4447,1821,1598,5,51
8,700000,2014,5,1,1797,1,4530,1775,1470,5,56
7,499000,2014,2,1,1498,1,4440,1695,1495,5,40
18,590000,2015,5,1,1373,1,4490,1730,1485,5,43
22,490000,2014,5,0,1198,1,3825,1665,1530,5,41
18,695000,2018,2,0,1248,1,3995,1735,1515,5,37
8,1025000,2019,2,1,1396,1,3995,1770,1605,5,45
30,3375000,2021,5,0,1984,0,4701,1839,1674,7,60
29,2250000,2019,2,1,2393,2,4735,1830,1795,8,55
20,2650000,2018,2,0,2143,1,4424,1804,1494,5,50
18,715000,2021,5,1,1197,1,3995,1745,1500,5,37
8,1200000,2019,2,0,1582,1,4270,1780,1665,5,55
8,275000,2012,5,1,998,1,3515,1500,1510,5,32
7,445000,2012,5,1,1497,1,4440,1695,1485,5,42
20,1850000,2016,2,0,2143,1,4299,1780,1433,4,50
18,665000,2017,2,1,1248,1,3995,1745,1500,5,37
8,1090000,2019,2,1,1396,1,4270,1780,1665,5,55
20,5500000,2015,2,0,2987,2,5246,1899,1494,5,70
0,2400000,2017,2,0,1968,1,4933,1874,1455,5,75
8,1085000,2018,2,0,1582,1,4440,1729,1475,5,45
8,2140000,2021,5,0,1999,1,4500,1790,1675,6,50
7,795000,2019,5,0,1199,1,3995,1695,1501,5,35
18,1080000,2021,0,1,1373,1,4296,1695,1685,7,45
7,628000,2018,5,1,1199,1,3995,1695,1501,5,35
1,1550000,2013,2,0,1995,2,4633,1811,1429,5,57
20,2400000,2016,5,0,1991,2,4879,1854,1474,5,80
7,595000,2015,5,1,1497,1,4440,1695,1495,5,40
13,3450000,2016,2,0,2179,0,4465,1900,1635,5,57
7,819999,2018,5,1,1199,1,3999,1734,1601,5,40
0,1490000,2012,2,0,1968,0,4629,1898,1653,5,75
17,950000,2020,2,1,1497,1,3995,1821,1627,5,42
10,3750000,2019,2,0,1999,2,5067,2091,1457,5,66
20,4950000,2021,5,0,1991,2,4686,1810,1442,5,66
11,2950000,2021,2,0,1956,0,4405,1818,1640,5,60
29,1290000,2012,2,1,2982,0,4705,1840,1850,7,80
29,625000,2015,2,1,1364,1,3775,1695,1510,5,45
17,1490000,2018,2,1,2179,1,4585,1890,1785,7,70
8,325000,2013,5,0,1197,1,3565,1595,1550,5,35
17,1190000,2017,2,0,2179,1,4585,1890,1785,7,70
17,625000,2013,2,1,2179,2,4430,1817,1975,8,60
13,5375000,2014,2,0,2993,0,4879,2073,1780,5,77
7,1138000,2018,5,0,1497,1,4440,1695,1495,5,40
0,4250000,2021,5,0,1798,1,4701,1826,1427,5,63
7,365000,2014,5,1,1198,1,3610,1680,1500,5,35
2,475000,2014,2,0,1998,1,4597,1788,1477,5,60
8,1225000,2019,2,1,1582,1,4270,1780,1665,5,55
18,725000,2017,2,1,1248,1,4296,1695,1685,7,45
20,2450000,2017,2,0,2143,1,4417,1804,1494,5,50
8,225000,2009,2,1,1991,1,4800,1832,1485,5,70
18,695000,2018,5,0,1197,1,3995,1735,1515,5,37
29,2200000,2018,2,0,2755,2,4735,1830,1795,7,55
7,950000,2020,2,0,1498,1,3995,1695,1501,5,35
29,2598000,2022,5,0,2694,2,4735,1830,1795,7,65
7,585000,2017,5,1,1199,1,3955,1694,1544,5,40
6,434999,2017,5,1,1196,1,3995,1695,1525,5,42
18,295000,2009,2,1,1248,1,3760,1690,1530,5,43
18,910000,2019,2,1,1498,1,4490,1730,1485,5,43
18,565000,2020,5,1,998,1,3695,1600,1560,5,35
29,1050000,2021,5,0,1462,1,3995,1790,1640,5,48
8,990000,2019,2,1,1396,1,4270,1780,1630,5,60
0,2590000,2020,2,0,1968,1,4456,1796,1416,5,50
17,1000000,2016,2,1,2179,0,4585,1890,1785,7,70
8,254999,2012,5,1,1086,1,3585,1595,1550,5,35
8,598000,2015,5,0,1591,1,4370,1700,1475,5,43
8,560000,2016,2,1,1396,1,3985,1734,1505,5,40
0,975000,2011,2,0,1968,1,4701,1826,1427,5,63
0,2600000,2017,2,0,1968,1,4456,1796,1416,5,50
26,745000,2016,2,1,1598,1,4386,1699,1466,5,55
8,495000,2017,5,1,1197,1,3765,1660,1520,5,43
0,2450000,2018,5,0,1798,1,4456,1796,1416,5,50
20,2850000,2016,2,0,2143,2,4686,1810,1442,5,66
17,925000,2016,2,1,2179,2,4456,1820,1995,8,60
29,1075000,2013,2,0,2982,2,4705,1840,1850,7,80
20,6225000,2019,2,0,2987,2,5063,1860,1494,5,80
0,1500000,2014,2,0,1968,1,4915,1874,1455,5,65
21,625000,2011,2,1,2835,0,4755,1775,1900,5,92
29,325000,2011,5,1,1496,1,4265,1695,1510,5,45
17,1485000,2021,2,1,1497,1,4585,1866,1774,8,45
0,1650000,2012,2,0,2967,0,4915,1874,1455,5,75
0,1800000,2014,2,0,1968,1,4456,1796,1416,5,50
29,1290000,2014,2,1,2494,2,4585,1760,1760,7,55
22,600000,2016,2,1,1461,1,4331,1822,1671,5,50
8,436000,2014,5,0,1197,1,3765,1660,1520,5,43
29,4300000,2021,2,0,2755,0,4795,1855,1835,7,80
3,270000,2017,5,1,1198,1,3785,1635,1485,5,35
8,1911000,2022,5,0,1353,1,4300,1790,1635,5,50
1,8600000,2020,2,0,2993,0,4922,2004,1745,5,80
20,3900000,2019,2,0,1950,2,4686,1810,1442,5,66
31,2000000,2016,2,0,1984,1,4370,1783,1458,5,60
8,465000,2019,5,0,1086,1,3610,1645,1560,5,35
7,875000,2019,5,1,1497,1,4440,1695,1495,5,40
17,850000,2019,2,1,1493,2,3995,1835,1839,7,60
24,426999,2020,5,0,999,1,3679,1579,1478,5,28
20,9200000,2022,2,0,1950,0,4924,2157,1772,5,93
8,1035000,2018,2,1,1582,1,4270,1780,1630,5,60
18,695000,2018,5,1,1197,1,3995,1735,1515,5,37
1,3675000,2020,2,0,1995,2,4454,2044,1545,5,63
17,1700000,2021,2,0,2184,0,3985,1820,1844,4,57
28,449000,2018,5,1,1199,1,3746,1647,1535,5,35
20,5400000,2022,2,0,2148,2,4596,1770,1447,5,66
15,3950000,2021,2,0,1996,0,4985,1926,1867,6,75
8,565000,2015,2,1,1396,1,3985,1734,1505,5,45
1,3775000,2019,2,0,1995,2,4454,2044,1545,5,63
20,1275000,2012,2,0,2143,2,4868,1854,1470,5,80
24,375000,2018,5,1,999,1,3679,1579,1478,5,28
18,949000,2018,2,1,1248,1,3995,1790,1640,5,48
18,775000,2019,2,1,1248,1,3840,1735,1530,5,37
0,1800000,2014,2,0,1968,1,4915,1874,1455,5,65
7,825000,2016,5,0,1497,1,4440,1695,1495,5,40
8,509999,2019,5,1,1086,1,3610,1645,1560,5,35
17,1350000,2018,2,1,2179,2,4456,1820,1995,7,60
8,650000,2020,5,1,1197,1,3765,1660,1520,5,43
7,1490000,2021,2,1,1498,1,4440,1695,1495,5,40
18,545000,2016,5,1,1197,1,3995,1745,1500,5,37
1,2950000,2018,2,0,1995,2,4633,1811,1429,5,57
20,1150000,2010,2,0,2987,2,4868,1854,1471,5,80
0,1850000,2013,2,0,1968,0,4385,1831,1608,5,64
20,1750000,2014,2,0,2143,2,4879,1854,1474,5,80
0,5500000,2017,2,0,2967,0,5052,1968,1740,7,75
22,360000,2013,2,1,1461,1,4425,1695,1505,5,41
6,625000,2019,5,1,1497,1,3998,1765,1647,5,52
1,4150000,2019,2,0,1995,2,4633,1811,1429,5,57
17,1698999,2021,2,1,2184,0,3985,1820,1844,4,57
18,484999,2018,5,1,1197,1,3995,1745,1500,5,37
0,4250000,2020,5,0,1395,1,4726,1842,1427,5,54
18,800000,2017,0,1,1373,1,4296,1695,1685,7,45
8,1275000,2019,5,1,1591,1,4270,1780,1665,5,55
23,9500000,2018,5,0,1988,2,4379,1801,1281,2,54
1,1375000,2013,2,0,1995,2,4633,1811,1429,5,57
8,1700000,2022,2,1,1493,1,4300,1790,1635,5,50
17,500000,2013,2,1,2179,1,4585,1890,1785,7,70
20,6800000,2020,2,0,1950,0,4658,1890,1644,5,66
18,715000,2019,5,0,1197,1,3995,1735,1515,5,37
18,380000,2016,5,0,998,1,3636,1475,1670,5,35
7,375000,2016,5,1,1198,1,3610,1680,1500,5,35
13,7200000,2016,2,0,2993,0,4879,2073,1780,5,77
20,8190000,2020,2,0,1950,0,4924,2157,1772,5,93
18,695000,2018,5,0,1197,1,3840,1735,1530,5,37
8,875000,2016,2,1,1582,1,4270,1780,1630,5,60
13,3500000,2016,2,0,1999,0,4600,2069,1690,7,65
8,685000,2018,5,1,1197,1,3995,1760,1555,5,40
28,1875000,2021,2,1,1956,1,4661,1894,1786,7,50
26,1685000,2017,5,0,1798,1,4659,1814,1476,5,50
0,2550000,2015,2,0,1968,1,4933,1874,1455,5,75
8,869999,2017,2,1,1582,1,4270,1780,1630,5,60
17,875000,2018,2,1,2498,0,3920,1726,1930,6,60
0,1390000,2012,2,0,1968,0,4385,1831,1608,5,64
18,825000,2019,2,1,1248,1,3995,1790,1640,5,48
18,785000,2017,5,0,1373,1,4490,1730,1485,5,43
20,2145000,2016,2,0,2143,1,4417,1804,1494,5,50
18,590000,2021,0,1,1196,2,3675,1475,1800,5,40
10,2550000,2013,5,0,2995,2,5247,2110,1448,5,83
20,6500000,2019,2,0,1950,2,5063,1860,1494,5,80
30,490000,2015,5,1,1198,1,3971,1682,1469,5,45
1,5950000,2017,2,0,2993,2,5219,1902,1481,4,78
24,420000,2017,5,1,999,1,3679,1579,1478,5,28
8,2395000,2019,2,0,1995,1,4475,1850,1660,5,62
8,360000,2013,2,1,1336,1,3995,1710,1505,5,45
22,325000,2013,2,1,1461,1,4425,1695,1505,5,41
13,2300000,2013,2,0,2179,0,4355,2120,1635,5,57
18,642000,2014,0,1,1373,1,4265,1695,1685,7,60
8,290000,2018,5,1,814,1,3495,1550,1500,5,32
8,390000,2014,5,1,1197,1,3765,1660,1520,5,43
29,890000,2014,5,0,1798,1,4540,1760,1480,5,55
18,440000,2016,5,1,1197,1,3850,1695,1530,5,42
18,721000,2018,5,1,1373,1,4490,1730,1485,5,43
26,1515000,2018,5,0,1798,1,4670,1814,1476,5,50
13,7000000,2021,5,0,1997,0,4600,2069,1724,7,70
7,949000,2018,5,1,1497,1,4440,1695,1495,5,40
20,5500000,2019,2,0,1950,2,5063,1860,1494,5,80
24,319000,2018,5,1,799,1,3679,1579,1478,5,28
18,459999,2013,2,1,1248,1,4265,1695,1685,7,45
31,2100000,2018,2,0,1984,1,4370,1783,1458,5,60
18,685000,2017,5,1,1197,1,3995,1745,1500,5,37
29,300000,2013,2,1,1364,1,4265,1695,1510,5,45
20,5400000,2018,2,0,2143,0,4819,2141,1796,5,93
20,4100000,2022,2,0,1950,1,4549,1796,1446,5,43
20,6875000,2019,2,0,2987,0,5130,1934,1850,7,100
8,1115000,2018,5,1,1591,1,4270,1780,1665,5,55
7,761000,2017,5,0,1497,1,4440,1695,1495,5,40
18,825000,2021,5,1,1197,1,3995,1745,1500,5,37
8,650000,2016,2,1,1396,1,3985,1734,1505,5,45
7,565000,2017,5,1,1199,1,3955,1694,1544,5,40
20,750000,2007,5,0,3498,2,5076,1871,1473,5,90
8,685000,2021,5,0,1197,1,3805,1680,1520,5,37
8,609000,2018,5,1,1197,1,3985,1734,1505,5,45
17,365000,2009,2,1,2179,2,4430,1817,1975,8,60
0,5175000,2016,2,0,2967,0,5052,1968,1740,7,75
29,2175000,2018,2,0,2755,2,4735,1830,1795,7,55
27,675000,2013,2,0,2696,0,4755,1900,1785,7,78
1,1400000,2009,2,0,2993,0,4854,1933,1776,5,85
7,480000,2016,5,1,1198,1,3990,1680,1505,5,35
1,5800000,2020,2,0,1995,2,4936,1868,1479,5,65
0,6700000,2018,2,0,2967,0,5052,1968,1740,7,75
8,625000,2014,2,0,1582,1,4530,1775,1470,5,56
9,1791000,2017,2,0,2999,2,4825,1860,1840,7,65
18,422000,2018,5,1,1196,2,3675,1475,1800,5,40
0,4200000,2021,5,0,1984,1,4762,1847,1433,5,54
29,1295000,2018,5,0,1798,1,4620,1775,1475,5,55
8,495000,2017,5,1,1197,1,3765,1660,1520,5,43
28,585000,2019,5,0,1199,1,3746,1647,1535,5,35
20,3950000,2019,2,0,1950,2,4686,1810,1442,5,66
20,7475000,2021,2,0,1950,2,5063,1860,1494,5,80
26,425000,2013,5,0,1598,1,4386,1699,1466,5,55
20,4150000,2017,2,0,1950,2,5063,1860,1494,5,80
0,2475000,2012,2,0,2967,0,5089,1983,1737,7,100
1,2990000,2017,2,0,1995,2,4936,1868,1479,5,57
24,280000,2013,2,1,1461,1,4315,1822,1695,5,50
20,1500000,2009,5,0,3498,2,5076,1871,1473,5,90
1,5100000,2019,2,0,2993,2,5091,1902,1538,5,68
29,825000,2010,2,1,2982,0,4695,1840,1850,7,80
18,310000,2014,0,1,998,1,3599,1495,1700,5,35
7,595000,2016,5,0,1199,1,3955,1694,1544,5,40
11,1240000,2017,2,1,1956,1,4395,1818,1640,5,60
18,328000,2018,5,1,1196,2,3675,1475,1800,5,40
8,625000,2018,5,1,1197,1,3985,1734,1505,5,40
18,409999,2015,2,1,1248,1,3850,1695,1530,5,42
18,545000,2015,5,1,1197,1,3995,1695,1555,5,42
30,699000,2019,5,1,999,1,3971,1682,1469,5,45
18,390000,2014,5,1,998,1,3600,1600,1560,5,35
29,680000,2014,2,1,1364,1,4620,1775,1475,5,50
18,625000,2015,2,1,1248,1,4490,1730,1485,5,43
18,235000,2012,4,1,998,1,3595,1475,1700,5,28
17,951000,2016,2,1,2523,2,4456,1820,1930,8,60
7,550000,2011,5,0,1497,1,4420,1695,1480,5,42
11,1350000,2017,5,0,1368,1,4395,1818,1640,5,60
8,325000,2013,5,1,1197,1,3585,1595,1550,5,35
0,2600000,2015,2,0,2967,0,5089,1983,1737,7,100
18,640000,2016,5,1,1373,1,4490,1730,1485,5,43
29,450000,2011,5,0,1794,1,4540,1760,1480,5,55
1,750000,2010,2,0,1995,2,4841,1846,1468,5,70
0,5300000,2020,5,0,1984,1,4939,1886,1457,5,73
31,5800000,2019,2,0,1969,0,4688,1902,1658,5,71
18,801000,2018,2,1,1248,1,3995,1790,1640,5,48
17,1090000,2017,2,1,1997,2,4456,1820,1995,8,60
18,245000,2014,5,1,998,1,3620,1475,1460,5,35
7,475000,2014,5,1,1198,1,3990,1680,1505,5,35
29,2800000,2017,2,0,2755,0,4795,1855,1835,7,80
0,2950000,2020,2,0,1968,1,4456,1796,1416,5,50
8,545000,2019,5,1,1197,1,3765,1660,1520,5,43
6,3975000,2021,2,0,1996,2,4903,1869,1837,7,80
20,4200000,2017,2,0,2143,0,4656,1890,1639,5,66
8,434999,2017,2,1,1186,1,3995,1660,1520,5,43
24,315000,2017,5,1,799,1,3679,1579,1478,5,28
27,900000,2016,2,1,2696,0,4755,1900,1785,7,78
7,550000,2015,5,1,1497,1,4440,1695,1495,5,40
1,4400000,2018,2,0,1995,0,4657,1881,1678,5,67
29,1600000,2015,2,0,2982,2,4705,1840,1850,7,80
3,198000,2017,5,1,999,1,3429,1560,1541,5,28
8,225000,2014,4,1,1086,1,3585,1595,1550,5,35
24,315000,2017,5,1,799,1,3679,1579,1478,5,28
7,775000,2018,5,1,1497,1,4440,1695,1495,5,40
18,625000,2017,5,0,1197,1,3995,1735,1515,5,37
8,775000,2015,2,1,1582,1,4270,1780,1630,5,60
29,1549000,2018,2,1,2393,2,4735,1830,1795,7,55
1,1679000,2016,2,0,1995,2,4633,1811,1429,5,57
18,725000,2019,5,0,1197,1,3840,1735,1530,5,37
8,540000,2014,2,1,1582,1,4370,1700,1475,5,43
30,350000,2014,2,1,1199,1,3970,1682,1453,5,45
31,1689999,2015,2,0,1984,1,4370,1783,1458,5,60
22,625000,2021,5,1,999,1,3994,1758,1572,5,40
18,475000,2019,5,1,998,1,3695,1600,1560,5,35
12,1650000,2021,2,1,1493,1,4315,1800,1637,5,50
8,409999,2019,5,1,1086,1,3610,1645,1560,5,35
13,5900000,2014,2,0,2993,0,4879,2073,1780,5,77
29,2100000,2017,2,1,2393,2,4735,1830,1795,7,55
1,2750000,2017,2,0,1995,2,4936,1868,1479,5,65
18,545000,2017,5,0,1197,1,3700,1690,1595,5,32
28,740000,2015,2,1,2179,2,4655,1965,1922,7,55
20,2400000,2016,5,0,1991,2,4879,1854,1474,5,80
1,4500000,2018,2,0,1995,2,4936,1868,1479,5,65
18,465000,2014,5,1,1197,1,3850,1695,1530,5,42
5,375000,2014,2,1,1248,1,3987,1687,1495,5,45
0,2900000,2017,2,0,1968,1,4385,1831,1608,5,64
7,795000,2018,5,1,1199,1,3999,1734,1601,5,40
20,5250000,2020,2,0,1950,2,4686,1810,1442,5,66
0,2900000,2019,2,0,1968,1,4456,1796,1416,5,50
20,2250000,2015,5,0,1991,1,4424,1804,1494,5,50
7,1050000,2017,5,0,1497,1,4440,1695,1495,5,40
8,765000,2021,5,1,1197,1,3765,1660,1520,5,43
18,675000,2017,2,1,1248,1,4300,1765,1590,5,48
0,2400000,2015,2,0,1968,1,4933,1874,1455,5,75
18,509999,2019,5,1,1196,2,3675,1475,1800,7,40
17,2750000,2022,2,0,2184,0,4695,1890,1755,7,60
0,2600000,2012,2,0,2967,0,4969,2139,1420,5,65
7,495000,2012,5,0,1497,1,4440,1695,1485,5,42
0,2400000,2014,2,0,2967,0,5089,1983,1737,7,100
8,495000,2018,5,1,1197,1,3765,1660,1520,5,43
13,4200000,2018,2,0,2179,0,4600,2069,1724,7,65
29,2550000,2017,2,0,2755,2,4795,1855,1835,7,80
18,480000,2016,2,1,1248,1,3995,1695,1555,5,42
8,1750000,2021,2,1,1582,1,4270,1780,1630,5,60
18,850000,2019,2,1,1248,1,4296,1695,1685,7,45
8,434999,2019,5,0,1086,1,3610,1645,1560,5,35
8,1070000,2021,5,1,998,1,3995,1770,1605,5,45
7,1530000,2022,5,0,1498,1,4549,1748,1489,5,40
8,1598000,2020,2,1,1493,1,4300,1790,1635,5,50
8,645000,2016,5,1,1591,1,4375,1700,1475,5,43
18,650000,2017,2,0,1248,1,3995,1695,1555,5,42
30,545000,2013,2,1,1598,1,4384,1699,1466,5,55
7,1095000,2022,5,1,1497,1,4440,1695,1495,5,40
29,1975000,2018,2,0,2755,2,4735,1830,1795,7,55
25,18000000,2011,5,0,6592,2,5399,1948,1550,5,82
0,1839000,2017,2,0,1968,0,4385,1831,1608,5,64
26,1500000,2016,5,0,1798,1,4861,1864,1483,5,66
0,2100000,2017,2,0,1968,0,4385,1831,1608,5,64
30,345000,2015,2,1,1498,1,3971,1682,1469,5,45
7,850000,2018,5,1,1497,1,4440,1695,1495,5,40
8,1425000,2018,2,0,1582,1,4270,1780,1665,5,55
8,675000,2017,5,1,1197,1,3985,1734,1505,5,45
17,925000,2019,2,1,1497,1,3995,1821,1627,5,42
8,210000,2014,5,1,814,1,3495,1550,1500,5,32
28,760000,2018,5,1,1198,1,3994,1811,1607,5,44
8,640000,2015,2,1,1582,1,4375,1700,1475,5,43
18,340000,2013,5,1,1197,1,3850,1695,1530,5,42
13,5995000,2020,2,0,1999,0,4600,2069,1724,7,70
7,695000,2017,5,1,1497,1,4440,1695,1495,5,40
6,465000,2015,2,1,1498,1,3886,1695,1525,5,40
29,735000,2019,5,1,1197,1,3995,1745,1510,5,37
20,1300000,1988,5,0,1991,2,5063,1860,1494,5,80
8,1848999,2021,2,1,1493,1,4500,1790,1675,7,50
7,685000,2016,5,1,1497,1,4440,1695,1495,5,40
8,875000,2014,2,0,2199,0,4690,1880,1690,7,64
29,2039999,2018,2,0,2755,2,4735,1830,1795,7,55
29,700000,2019,5,1,1197,1,3995,1745,1510,5,37
18,550000,2020,5,1,1197,1,3655,1620,1675,5,32
8,825000,2015,2,0,2199,0,4690,1880,1690,7,64
29,3100000,2021,2,1,2393,2,4735,1830,1795,7,55
0,1400000,2013,2,0,1968,1,4915,1874,1455,5,65
18,425000,2015,5,1,1197,1,3850,1695,1530,5,42
14,4375000,2018,5,0,2494,0,4640,1845,1645,5,56
29,3000000,2021,2,0,2393,2,4735,1830,1795,7,55
20,6600000,2021,5,0,1991,2,4658,1890,1644,5,66
18,640000,2016,2,1,1248,1,3995,1790,1640,5,48
8,275000,2013,0,1,1086,1,3565,1525,1590,5,35
8,695000,2019,5,1,1197,1,3985,1734,1505,5,45
7,245000,2010,5,0,1497,1,4420,1695,1480,5,42
24,690000,2016,2,1,1461,1,4315,1822,1695,5,50
30,1500000,2021,5,0,999,1,4221,1760,1612,5,50
18,270000,2014,5,1,998,1,3620,1475,1460,5,35
8,545000,2016,2,1,1396,1,3995,1760,1555,5,45
15,1875000,2021,5,0,1451,1,4720,1835,1760,6,60
24,254999,2016,5,1,799,1,3679,1579,1478,5,28
13,2785000,2016,2,0,2993,0,4838,1915,1837,7,82
17,1800000,2021,2,1,2184,0,3985,1820,1844,4,57
7,475000,2012,5,0,1497,1,4440,1695,1485,5,42
8,650000,2020,5,1,1197,1,3985,1734,1505,5,45
29,1199000,2012,2,1,2982,0,4705,1840,1850,7,80
8,650000,2013,2,0,2199,0,4660,1890,1760,7,70
17,795000,2015,2,1,2523,2,4456,1820,1930,8,60
20,2385000,2015,5,0,1991,2,4686,1810,1442,5,66
0,1700000,2014,2,0,1968,0,4629,1898,1653,5,75
8,380000,2012,5,1,1591,1,4370,1700,1475,5,43
24,295000,2016,5,1,999,1,3679,1579,1478,5,28
28,1750000,2020,2,1,1956,1,4598,1894,1706,5,50
17,525000,2015,2,1,2498,0,3920,1710,1930,7,60
0,2180000,2018,5,0,1395,1,4456,1796,1416,5,50
6,8000000,2017,5,0,4951,2,4784,2080,1391,4,60
10,4325000,2018,2,0,1999,0,4731,2071,1651,5,82
18,155000,2009,0,1,796,1,3495,1475,1460,5,35
18,735000,2018,5,0,1197,1,3995,1735,1515,5,37
26,900000,2018,5,0,1598,1,4413,1699,1466,5,55
26,795000,2014,5,0,1798,1,4838,1817,1482,5,60
16,3300000,2018,2,0,1496,1,3821,1727,1414,5,44
29,3775000,2020,2,0,2755,2,4795,1855,1835,7,80
18,725000,2017,2,1,1248,1,3995,1790,1640,5,48
31,994999,2012,2,0,1984,1,4635,1865,1484,5,67
18,785000,2018,2,1,1248,1,3995,1790,1640,5,48
23,7500000,2020,5,0,2995,0,4696,1923,1624,5,65
29,2799000,2019,2,0,2755,2,4795,1855,1835,7,80
18,390000,2018,5,1,998,1,3599,1495,1700,5,35
23,9000000,2019,5,0,1984,0,4696,1923,1624,5,65
18,675000,2017,5,0,1197,1,3995,1745,1500,5,37
18,320000,2015,5,1,1196,2,3675,1475,1800,5,40
18,840000,2020,5,0,1197,1,3995,1745,1500,5,37
18,310000,2015,5,1,998,1,3599,1495,1700,5,35
18,795000,2017,5,1,1373,1,4296,1695,1685,7,45
18,310000,2015,0,1,998,1,3599,1495,1700,5,35
29,860000,2021,5,1,1197,1,3995,1745,1510,5,37
8,390000,2015,5,1,1197,1,3585,1595,1550,5,35
18,520000,2018,2,1,1248,1,3995,1695,1555,5,42
18,675000,2018,2,1,1248,1,3995,1790,1640,5,48
18,475000,2021,5,1,998,1,3565,1520,1564,5,27
18,265000,2017,5,1,796,1,3395,1490,1475,5,35
26,950000,2019,2,1,1598,1,4386,1699,1466,5,55
29,1750000,2014,2,0,2982,2,4705,1840,1850,7,80
0,2225000,2016,2,0,1968,1,4456,1796,1416,5,50
11,1748999,2021,5,1,1368,1,4395,1818,1640,5,60
20,2250000,2014,2,0,2143,0,4804,2141,1796,5,70
8,690000,2017,5,1,1197,1,3985,1734,1505,5,45
18,561000,2017,5,1,1197,1,3995,1745,1500,5,37
18,595000,2017,5,0,1197,1,3995,1695,1555,5,42
8,450000,2014,5,1,1197,1,3995,1710,1505,5,45
20,4590000,2018,2,0,2143,0,4819,2141,1796,5,93
0,2150000,2016,2,0,1968,0,4385,1831,1608,5,64
12,1850000,2020,5,0,1353,1,4315,1800,1645,5,50
8,1175000,2017,5,0,1999,1,4620,1800,1465,5,50
8,400000,2015,5,1,1495,1,4250,1670,1370,5,45
8,1100000,2018,2,1,1582,1,4270,1780,1665,5,55
8,395000,2016,5,1,1197,1,3585,1595,1550,5,35
18,425000,2021,5,1,998,1,3565,1520,1564,5,27
29,2190000,2017,2,1,2393,2,4735,1830,1795,7,55
14,4800000,2020,3,0,2487,1,4975,1865,1445,5,50
18,421000,2017,5,1,1197,1,3995,1695,1555,5,42
8,560000,2016,5,1,1197,1,3995,1760,1555,5,45
0,3250000,2019,2,0,1968,0,4385,1831,1608,5,64
17,875000,2014,2,1,2179,2,4456,1820,1995,8,60
18,899000,2018,5,1,1373,1,4490,1730,1485,5,43
24,425000,2015,2,1,1461,1,4315,1822,1695,5,50
18,425000,2019,5,1,998,1,3565,1520,1564,5,27
16,3875000,2021,5,0,1998,1,4299,1822,1557,5,47
7,500000,2013,5,1,1497,1,4440,1695,1485,5,42
29,1225000,2012,2,1,2982,2,4705,1840,1850,7,80
29,1789999,2017,5,0,2694,2,4735,1830,1795,7,65
8,240000,2013,5,1,998,1,3515,1500,1510,5,32
7,935000,2019,2,1,1498,1,3990,1680,1505,5,35
18,775000,2018,5,0,1197,1,3995,1745,1510,5,37
17,950000,2017,2,1,1997,2,4456,1820,1995,8,60
8,549000,2018,5,0,1197,1,3765,1660,1520,5,43
18,645000,2021,0,1,1196,2,3675,1475,1800,5,40
20,3400000,2018,2,0,1950,2,4686,1810,1442,5,66
8,645000,2019,5,1,1197,1,3985,1734,1505,5,45
1,2600000,2016,2,0,1995,2,4899,2094,1464,5,65
0,1375000,2011,2,0,1968,1,4701,1826,1427,5,63
7,1340000,2021,5,0,1497,1,4440,1695,1495,5,40
18,840000,2020,5,1,1197,1,3840,1735,1530,5,37
18,525000,2014,5,1,1197,1,3995,1695,1555,5,42
18,625000,2022,5,1,1196,2,3675,1475,1825,7,40
8,215000,2012,5,1,814,1,3495,1550,1500,5,32
8,595000,2019,5,1,1197,1,3765,1660,1520,5,43
0,4150000,2022,5,0,1984,1,4762,1847,1433,5,54
18,750000,2018,2,1,1248,1,3840,1735,1530,5,37
6,550000,2013,5,1,1499,1,3999,1765,1708,5,52
24,450000,2016,2,1,1461,1,4315,1822,1695,5,50
10,2700000,2018,2,0,1999,2,4795,1967,1416,5,56
20,6150000,2018,2,0,2987,0,4819,2141,1796,5,93
30,565000,2014,5,1,1198,1,3970,1682,1453,5,45
18,369000,2017,5,1,998,1,3545,1490,1475,5,35
29,1090000,2019,5,0,1496,1,4425,1730,1495,5,42
7,580000,2017,5,1,1199,1,3999,1734,1601,5,40
1,2199000,2016,2,0,1995,2,4454,2044,1545,5,63
17,1251000,2018,2,1,2179,2,4456,1820,1995,7,60
7,540000,2017,5,1,1198,1,3990,1680,1505,5,35
18,1245000,2021,5,1,1462,1,4445,1775,1700,6,45
1,4749000,2020,5,0,1998,2,4633,1811,1429,5,57
8,365000,2014,5,1,1197,1,3765,1660,1520,5,43
1,4300000,2020,2,0,1995,1,4526,1800,1420,5,50
18,825000,2019,2,1,1248,1,3995,1790,1640,5,48
30,325000,2013,2,1,1598,1,3970,1682,1453,5,45
28,400000,2018,5,1,1199,1,3746,1647,1535,5,35
13,3600000,2018,2,0,1999,0,4360,2120,1635,5,57
17,671000,2013,2,1,2179,2,4430,1817,1975,8,60
20,3400000,2018,2,0,2143,0,4656,1890,1639,5,66
30,775000,2017,5,0,1197,1,4390,1699,1467,5,55
20,2150000,2014,2,0,2987,0,4781,1911,1774,5,95
16,3590000,2020,2,0,1496,1,3982,1727,1425,5,44
29,375000,2011,5,1,1794,1,4540,1760,1480,5,55
8,645000,2015,5,0,1591,1,4370,1700,1475,5,43
29,11500000,2022,3,0,2494,0,4935,1850,1895,7,58
18,509999,2015,5,1,998,1,3600,1600,1560,5,35
8,545000,2013,5,0,1797,1,4530,1775,1470,5,56
7,835000,2018,5,1,1497,1,4440,1695,1495,5,40
24,960000,2018,2,1,1461,1,4315,1822,1695,5,50
18,540000,2019,5,1,998,1,3695,1600,1560,5,35
12,1475000,2022,5,1,1497,1,4315,1800,1637,5,50
10,3600000,2014,2,0,2993,2,5252,1899,1457,5,83
8,1175000,2018,2,1,1582,1,4375,1700,1475,5,43
8,475000,2014,5,0,1591,1,4370,1700,1475,5,43
0,9900000,2021,5,0,2995,0,4986,1995,1705,5,85
18,650000,2022,5,1,1197,1,3845,1735,1530,5,37
1,6100000,2021,2,0,2993,0,4752,1918,1621,5,68
8,370000,2013,5,0,1197,1,3585,1595,1550,5,35
7,875000,2018,5,1,1497,1,4440,1695,1495,5,40
18,695000,2018,2,0,1248,1,3995,1735,1515,5,37
28,2275000,2022,2,0,1956,1,4598,1894,1706,5,50
11,2700000,2021,5,0,1368,1,4405,1818,1640,5,60
8,545000,2014,2,1,1582,1,4370,1700,1475,5,43
26,1099000,2018,5,0,1598,1,4413,1699,1466,5,55
8,1125000,2019,2,1,1582,1,4375,1700,1475,5,43
8,1299000,2018,5,0,1591,1,4270,1780,1630,5,60
1,10800000,2021,5,0,2998,0,4935,2004,1696,5,83
18,1190000,2020,5,0,1462,1,4445,1775,1700,6,45
28,795000,2021,5,0,1199,1,3993,1677,1532,5,35
8,459999,2013,2,1,1582,1,4370,1700,1475,5,43
0,3400000,2018,2,0,1968,1,4933,1874,1455,5,75
8,1050000,2018,5,1,1591,1,4270,1780,1665,5,55
8,385000,2014,5,1,1197,1,3995,1710,1505,5,45
7,585000,2015,2,1,1498,1,4440,1695,1495,5,40
0,1650000,2014,2,0,1968,1,4456,1796,1416,5,50
18,625000,2020,5,1,1197,1,3850,1695,1530,5,42
18,910000,2019,5,1,1462,1,4490,1730,1485,5,43
17,1275000,2018,2,1,2179,1,4585,1890,1785,7,70
8,585000,2017,5,1,1197,1,3985,1734,1505,5,45
17,1035000,2017,2,1,2498,0,3920,1710,1930,7,60
8,1075000,2021,5,0,1197,1,3995,1775,1505,5,37
8,1650000,2020,2,1,1493,1,4300,1790,1635,5,50
0,1575000,2014,2,0,1968,1,4701,1826,1427,5,63
1,1950000,2014,2,0,1995,0,4648,1881,1661,5,67
1,6390000,2022,2,0,1995,2,4936,1868,1479,5,65
8,1080000,2019,2,1,1396,1,4270,1780,1630,5,60
0,5500000,2017,2,0,2967,0,5052,1968,1740,7,75
8,1080000,2020,2,1,1493,1,3995,1770,1605,5,45
17,800000,2015,2,1,2179,1,4585,1890,1785,7,70
3,335000,2017,5,1,1198,1,3995,1635,1490,7,35
8,1185000,2021,5,1,998,1,3995,1770,1605,5,45
8,894999,2021,5,0,1197,1,3995,1775,1505,5,37
7,650000,2019,5,0,1199,1,3995,1695,1501,5,35
18,550000,2016,2,1,1248,1,3995,1745,1500,5,37
0,1650000,2016,2,0,1968,0,4385,1831,1608,5,64
26,1600000,2022,5,1,999,1,4225,1760,1612,5,50
8,1175000,2019,5,1,1591,1,4375,1700,1475,5,43
21,1995000,2018,2,0,2477,2,4695,1815,1840,7,70
8,575000,2016,2,1,1396,1,3985,1734,1505,5,45
15,1975000,2021,2,1,1956,1,4655,1835,1760,5,60
8,1625000,2022,2,1,1493,1,4300,1790,1635,5,50
18,695000,2019,5,1,1197,1,3850,1695,1530,5,42
29,875000,2018,5,0,1496,1,4425,1730,1495,5,42
26,1495000,2017,5,0,1798,1,4670,1814,1476,5,50
18,725000,2019,5,0,1197,1,3840,1735,1530,5,37
8,875000,2017,5,1,1591,1,4270,1780,1630,5,60
6,2350000,2016,2,0,2198,2,4892,1860,1837,7,80
1,2690000,2019,2,0,1995,2,4633,1811,1429,5,57
18,695000,2016,2,1,1248,1,4490,1730,1485,5,43
7,600000,2014,5,1,1497,1,4440,1695,1495,5,40
18,375000,2015,0,1,998,1,3599,1495,1700,5,35
8,315000,2012,5,1,1197,1,3585,1595,1550,5,35
6,775000,2019,5,1,1499,1,3999,1765,1708,5,52
0,3075000,2017,2,0,1968,1,4933,1874,1455,5,75
24,415000,2014,2,1,1461,1,4315,1822,1695,5,50
18,765000,2017,2,1,1248,1,4296,1695,1685,7,45
18,520000,2018,5,1,1197,1,3850,1695,1530,5,42
10,3900000,2015,2,0,2993,2,5252,1899,1457,5,83
8,850000,2016,2,1,1582,1,4270,1780,1630,5,60
18,969999,2016,2,1,1248,1,4296,1695,1685,7,45
18,575000,2016,2,1,1248,1,3995,1745,1500,5,37
6,3900000,2021,2,0,1996,0,4903,1869,1837,7,80
1,1395000,2013,2,0,1995,2,4633,1811,1429,5,57
26,1625000,2021,5,0,999,1,4225,1760,1612,5,50
12,1499000,2021,2,0,1493,1,3995,1790,1647,5,45
30,2050000,2018,2,0,1968,0,4486,1839,1672,5,71
26,1300000,2016,5,0,1798,1,4670,1814,1476,5,50
26,3199000,2019,2,0,1968,1,4861,1864,1483,5,66
18,450000,2017,5,1,1197,1,3850,1695,1530,5,42
7,675000,2015,2,1,1498,1,4386,1683,1603,7,42
18,280000,2018,5,1,796,1,3395,1490,1475,5,35
18,425000,2018,5,1,998,1,3599,1495,1700,5,35
25,20000000,2011,5,0,6592,2,5569,1948,1550,5,82
20,1250000,2012,2,0,2143,2,4596,1770,1447,5,66
8,1175000,2014,2,0,2199,0,4690,1880,1690,7,64
8,545000,2019,0,1,1086,1,3610,1645,1560,5,60
20,495000,2008,2,0,2148,2,4581,1770,1447,5,66
18,500000,2016,5,1,1197,1,3995,1695,1555,5,42
18,390000,2015,5,0,998,1,3600,1600,1560,5,35
18,575000,2019,0,1,998,1,3655,1620,1675,5,60
8,250000,2012,5,1,1197,1,3585,1595,1550,5,35
18,685000,2019,5,1,1197,1,3995,1735,1515,5,37
24,320000,2016,5,1,799,1,3679,1579,1478,5,28
18,620000,2016,2,1,1598,1,4300,1765,1590,5,48
18,600000,2018,5,1,1197,1,3850,1695,1530,5,42
11,1750000,2019,5,0,1368,1,4395,1818,1640,5,60
13,4950000,2018,2,0,1999,0,4600,2173,1690,7,65
8,1015000,2015,2,0,1582,1,4270,1780,1630,5,60
29,390000,2009,5,1,1794,1,4540,1760,1480,5,55
18,755000,2017,5,1,1373,1,4490,1730,1485,5,43
8,1825000,2021,5,0,1353,1,4300,1790,1635,5,50
18,416000,2014,5,0,998,1,3600,1600,1560,5,35
18,325000,2010,2,1,1248,1,4160,1690,1530,5,43
18,218000,2008,5,1,1061,1,3520,1475,1690,5,35
18,650000,2017,2,1,1248,1,4490,1730,1485,5,43
7,790000,2018,2,1,1498,1,3999,1734,1601,5,40
7,540000,2015,2,1,1498,1,4440,1695,1495,5,40
18,375000,2011,2,1,1248,1,3850,1695,1530,5,42
1,3990000,2021,5,0,1998,1,4447,1821,1598,5,51
23,10900000,2018,5,0,1988,2,4379,1801,1281,2,54
18,245000,2009,5,1,1298,1,4160,1690,1530,5,43
18,260000,2015,5,1,998,1,3600,1600,1560,5,35
6,240000,2010,2,1,1399,1,3795,1680,1427,5,45
8,800000,2015,2,1,1582,1,4270,1780,1630,5,60
7,745000,2016,5,1,1497,1,4440,1695,1495,5,40
20,7390000,2021,2,0,1950,2,5063,1860,1494,5,80
7,675000,2019,5,1,1199,1,3995,1695,1501,5,35
1,2650000,2018,2,0,1995,2,4454,2044,1545,5,63
18,340000,2016,5,1,796,1,3395,1490,1475,5,35
18,620000,2019,5,1,1197,1,3995,1745,1500,5,37
18,297000,2013,2,1,1248,1,4490,1735,1560,5,50
29,500000,2016,2,1,1364,1,3775,1695,1510,5,45
8,1149000,2019,5,0,1591,1,4440,1729,1475,5,45
20,2650000,2017,2,0,2143,2,4686,1810,1442,5,66
29,1375000,2012,2,1,2982,2,4705,1840,1850,7,80
8,235000,2009,5,1,1086,1,3565,1595,1550,5,35
29,3090000,2017,2,0,2755,2,4795,1855,1835,7,80
14,4375000,2017,5,0,2494,2,4915,1820,1450,5,65
18,749000,2017,2,1,1598,1,4300,1765,1590,5,48
17,785000,2017,2,1,1493,2,3995,1835,1839,7,60
8,750000,2017,2,1,1396,1,3995,1760,1555,5,45
20,4150000,2019,2,0,1950,2,4686,1810,1442,5,66
18,320000,2014,5,1,998,1,3620,1475,1460,5,35
20,1750000,2015,2,0,2143,1,4417,1804,1494,5,50
17,944999,2019,2,1,1493,2,3995,1795,1817,7,60
13,27500000,2020,2,0,2993,0,5199,2220,1840,4,105
6,4100000,2021,2,0,1996,0,4903,1869,1837,7,80
15,1750000,2021,5,0,1451,1,4655,1835,1760,5,60
18,811000,2018,2,1,1248,1,4395,1735,1690,7,45
13,6900000,2020,2,0,2179,0,4600,2069,1724,7,65
8,725000,2016,2,1,1582,1,4375,1700,1475,5,43
10,4600000,2020,2,0,1999,2,5067,2091,1457,5,66
13,19300000,2019,2,0,2993,0,4999,2220,1835,5,105
8,650000,2017,5,0,1197,1,3765,1660,1520,5,43
15,1925000,2021,5,0,1451,1,4720,1835,1760,6,60
7,590000,2015,5,0,1497,1,4440,1695,1495,5,40
8,495000,2019,0,1,1086,1,3610,1645,1560,5,60
18,695000,2016,2,1,1248,1,3995,1745,1500,5,37
8,799000,2018,2,1,1582,1,4375,1700,1475,5,43
30,325000,2013,5,1,1198,1,3970,1682,1453,5,45
17,1190000,2018,2,1,2179,2,4456,1820,1995,7,60
10,5800000,2017,2,0,2993,2,5255,2105,1460,5,77
18,750000,2021,5,1,1197,1,3995,1745,1500,5,37
20,2600000,2014,2,0,2997,0,4804,2141,1796,5,70
18,299000,2017,0,1,796,1,3395,1490,1475,5,35
29,3470000,2018,2,0,2755,0,4795,1855,1835,7,80
8,1075000,2019,5,0,998,1,3995,1770,1605,5,45
8,650000,2019,5,0,1197,1,3765,1660,1520,5,43
7,425000,2014,5,1,1198,1,3990,1680,1505,5,35
22,445000,2014,2,1,1461,1,4331,1822,1671,5,50
18,1225000,2022,5,1,1462,1,4445,1775,1700,6,45
0,1350000,2015,2,0,1968,1,4456,1796,1416,5,50
20,1450000,2014,2,0,2143,2,4596,1770,1447,5,66
29,2749000,2017,2,0,2755,0,4795,1855,1835,7,80
8,141000,2009,5,1,1086,1,3565,1525,1590,5,35
8,1375000,2017,2,0,1582,1,4270,1780,1630,5,60
29,1825000,2016,2,1,2393,2,4735,1830,1795,7,55
0,4900000,2015,2,0,2967,0,5265,1949,1471,4,90
7,525000,2015,2,1,1498,1,3955,1694,1544,5,40
0,3300000,2014,2,0,2967,0,5089,1983,1737,6,100
8,405000,2018,5,1,814,1,3495,1550,1500,5,32
0,2550000,2017,2,0,1968,0,4385,1831,1608,5,64
7,875000,2019,5,1,1497,1,4440,1695,1495,5,40
18,355000,2014,5,1,1197,1,3850,1695,1530,5,42
6,925000,2018,2,1,1498,1,3998,1765,1647,5,52
13,6500000,2021,2,0,1999,0,4360,2120,1635,5,57
8,625000,2019,5,1,1197,1,3985,1734,1505,5,45
3,425000,2020,5,1,999,1,3429,1560,1541,5,28
8,550000,2015,5,1,1197,1,3765,1660,1520,5,43
30,434999,2014,2,1,1598,1,4384,1699,1466,5,55
20,5900000,2018,2,0,2987,0,4819,2141,1796,5,93
20,3500000,2017,2,0,2143,0,4656,1890,1639,5,66
8,1750000,2022,5,0,1353,1,4300,1790,1635,5,50
8,425000,2015,5,1,1197,1,3995,1660,1520,5,43
6,675000,2017,2,1,1498,1,3998,1765,1647,5,52
18,675000,2016,2,1,1248,1,3995,1790,1640,5,48
29,1725000,2016,2,1,2393,2,4735,1830,1795,7,55
0,1760000,2017,5,0,1798,1,4456,1796,1416,5,50
18,730000,2017,2,1,1248,1,3995,1790,1640,5,48
18,301000,2011,5,1,1197,1,3850,1695,1530,5,42
18,275000,2011,4,1,998,1,3595,1475,1700,5,28
6,225000,2013,2,1,1399,1,3795,1680,1427,5,45
18,285000,2017,5,1,796,1,3395,1490,1475,5,35
30,350000,2013,2,1,1598,1,4384,1699,1466,5,55
25,20000000,2012,5,0,6592,2,5569,1948,1550,5,82
20,12900000,2021,2,0,2925,0,5207,2157,1823,7,90
26,1650000,2017,5,0,1798,1,4861,1864,1483,5,66
18,265000,2017,0,1,796,1,3395,1490,1475,5,35
28,395000,2017,5,1,1199,1,3746,1647,1535,5,35
7,500000,2016,5,1,1199,1,3955,1694,1544,5,40
17,2770000,2019,2,0,2157,0,4850,1960,1845,7,70
20,2450000,2015,2,0,2143,0,4804,2141,1796,5,70
0,3125000,2020,5,0,1798,1,4701,1826,1427,5,63
12,2950000,2020,2,0,2199,1,5115,1985,1755,7,60
18,620000,2016,2,1,1248,1,4296,1695,1685,7,45
20,2250000,2016,2,0,2143,0,4417,1804,1494,5,50
18,565000,2017,5,1,1373,1,4490,1730,1485,5,43
8,550000,2018,5,1,1197,1,3765,1660,1520,5,43
17,1550000,2022,2,1,2179,2,4456,1820,1995,7,60
18,711000,2018,2,1,1248,1,3995,1790,1640,5,48
28,375000,2018,5,1,1199,1,3992,1677,1537,5,35
1,4475000,2021,2,0,1995,2,4454,2044,1545,5,63
23,9100000,2022,5,0,1984,0,4696,1923,1624,5,65
18,245000,2016,5,1,998,1,3545,1490,1475,5,35
7,690000,2016,2,1,1498,1,4440,1695,1495,5,40
29,944999,2016,2,1,2494,2,4585,1765,1760,8,55
20,1350000,2014,5,0,1595,1,4292,1780,1433,4,50
18,850000,2018,2,1,1248,1,3995,1790,1640,5,48
30,1200000,2021,5,1,999,1,4390,1699,1467,5,55
18,329000,2014,5,0,998,1,3600,1600,1560,5,35
7,300000,2010,5,1,1799,1,4545,1750,1450,5,50
1,4900000,2018,2,0,2993,2,4899,2094,1464,5,65
8,465000,2019,0,1,1086,1,3610,1645,1560,5,60
26,2350000,2018,5,0,1798,1,4861,1864,1483,5,66
8,250000,2014,5,1,814,1,3495,1550,1500,5,32
15,1950000,2020,5,0,1451,1,4720,1835,1760,6,60
13,3800000,2017,2,0,1999,0,4360,2120,1635,5,57
18,330000,2017,0,1,998,1,3545,1490,1475,4,60
8,409999,2014,5,1,1197,1,3765,1660,1520,5,43
6,575000,2019,2,1,1498,1,3886,1695,1525,5,40
8,270000,2012,5,1,1197,1,3585,1595,1550,5,35
17,434999,2013,2,1,2179,2,4430,1817,1975,8,60
18,465000,2014,5,1,1197,1,3995,1695,1555,5,42
1,6800000,2022,2,0,1995,0,4657,1881,1678,5,67
8,350000,2011,5,1,1197,1,3585,1595,1550,5,35
8,900000,2020,5,1,998,1,3995,1770,1605,5,45
18,595000,2016,5,1,1197,1,3850,1695,1530,5,42
8,1260000,2018,5,0,1591,1,4270,1780,1630,5,60
28,530000,2020,2,1,1248,1,3995,1706,1570,5,44
18,599000,2015,2,1,1248,1,4265,1695,1685,7,45
17,1595000,2018,2,0,2179,1,4585,1890,1785,7,70
31,1798999,2017,2,0,1984,1,4370,1783,1458,5,60
18,636000,2021,5,1,1197,1,3995,1745,1500,5,37
8,950000,2018,2,1,1396,1,4270,1780,1630,5,60
18,800000,2017,2,1,1598,1,4300,1765,1590,5,48
18,434000,2017,5,0,998,1,3715,1635,1565,5,35
8,625000,2016,2,1,1396,1,3985,1734,1505,5,45
18,245000,2015,0,1,796,1,3395,1490,1475,5,35
20,3100000,2019,5,0,1991,1,4424,1804,1494,5,50
0,1490000,2012,2,0,1968,1,4915,1874,1455,5,65
1,6000000,2018,2,0,2993,2,4899,2094,1464,5,65
18,295000,2015,5,1,998,1,3545,1490,1475,5,35
18,450000,2018,5,1,1196,2,3675,1475,1800,7,40
29,1989999,2018,2,1,2393,2,4735,1830,1795,7,55
14,3900000,2017,5,0,2494,2,4915,1820,1450,5,65
7,635000,2016,2,1,1498,1,4440,1695,1495,5,40
28,575000,2013,2,1,2179,2,4655,1965,1922,7,55
18,590000,2016,2,1,1598,1,4300,1765,1590,5,48
7,1199000,2020,5,1,1497,1,4440,1695,1495,5,40
8,380000,2013,5,0,1197,1,3585,1595,1550,5,35
18,365000,2015,5,0,998,1,3545,1490,1475,5,35
0,1000000,2010,5,0,1798,1,4701,1826,1427,5,63
17,1800000,2021,2,1,2184,0,3985,1820,1844,4,57
12,1275000,2021,2,0,1493,1,4315,1800,1645,5,50
20,7000000,2020,5,0,2996,0,4693,1810,1402,4,66
17,955000,2016,2,0,1997,1,4585,1890,1785,7,70
17,630000,2015,2,1,1493,2,3995,1835,1839,7,60
0,4475000,2020,2,0,1968,0,4663,1893,1659,5,70
17,1950000,2022,2,0,2184,0,3985,1820,1844,4,57
8,890000,2017,5,1,1591,1,4270,1780,1630,5,60
20,6750000,2022,2,0,1950,0,4658,1890,1644,5,66
1,2275000,2015,2,0,1995,2,4624,2031,1429,5,60
17,1864999,2020,2,0,2184,0,3985,1820,1855,4,57
8,540000,2015,2,1,1396,1,3995,1760,1555,5,45
1,3125000,2018,2,0,1995,2,4454,2044,1545,5,63
20,3200000,2014,2,0,2997,0,4804,2141,1796,5,70
20,2750000,2019,2,0,2143,1,4424,1804,1494,5,50
8,400000,2013,2,1,1582,1,4370,1700,1475,5,43
0,3750000,2016,2,0,2967,0,5052,1968,1740,7,75
8,800000,2018,2,1,1396,1,4270,1780,1630,5,60
18,780000,2017,2,1,1248,1,3995,1790,1640,5,48
18,220000,2010,5,1,998,1,3600,1475,1595,5,35
1,2385000,2017,2,0,1995,1,4439,1821,1612,5,51
1,3400000,2019,2,0,1995,2,4454,2044,1545,5,63
0,2850000,2017,5,0,1798,1,4933,1874,1455,5,75
18,990000,2019,2,1,1248,1,3995,1790,1640,5,48
7,325000,2010,5,0,1497,1,4420,1695,1480,5,42
7,325000,2011,5,0,1497,1,4420,1695,1480,5,42
26,549000,2014,2,0,1498,1,4386,1699,1466,5,55
24,340000,2017,2,1,1461,1,3805,1665,1525,5,41
7,425000,2013,2,1,1498,1,3990,1680,1505,5,35
1,1689999,2015,2,0,1995,2,4633,1811,1429,5,57
29,2750000,2021,2,1,2393,2,4735,1830,1795,8,55
18,515000,2014,2,1,1248,1,3850,1695,1530,5,42
18,550000,2018,5,1,1197,1,3850,1695,1530,5,42
22,550000,2014,2,1,1461,1,4331,1822,1671,5,50
28,555000,2018,5,0,1199,1,3746,1647,1535,5,35
18,391000,2017,5,1,998,1,3600,1600,1560,5,35
18,560000,2017,5,0,1197,1,3700,1690,1595,5,32
0,1420000,2013,2,0,1968,0,4385,1831,1608,5,64
30,950000,2021,5,1,999,1,3971,1682,1469,5,45
18,490000,2017,5,1,1197,1,3995,1745,1500,5,37
8,1044999,2016,2,1,1582,1,4270,1780,1630,5,60
0,5200000,2017,2,0,2967,0,5052,1968,1740,7,75
8,1125000,2019,5,0,1591,1,4370,1700,1475,5,43
16,1950000,2014,2,0,1496,1,3982,1727,1425,5,44
18,260000,2009,5,1,1298,1,4160,1690,1530,5,43
8,165000,2009,5,1,1197,1,3565,1595,1550,5,35
8,490000,2018,5,1,1197,1,3995,1660,1520,5,43
18,185000,2012,5,1,998,1,3620,1475,1460,5,35
7,375000,2012,5,1,1497,1,4440,1695,1485,5,42
20,975000,2013,2,0,2143,2,4596,1770,1447,5,66
18,450000,2016,5,1,1197,1,3850,1695,1530,5,42
18,459999,2015,2,1,1248,1,3995,1695,1555,5,42
14,5200000,2020,3,0,2487,1,4975,1865,1445,5,50
8,700000,2020,5,1,1197,1,3995,1775,1505,5,37
30,1025000,2020,5,1,999,1,3971,1682,1469,5,45
8,380000,2015,5,1,1197,1,3765,1660,1520,5,43
26,819999,2015,5,0,1798,1,4659,1814,1476,5,50
20,1691000,2015,5,0,1991,1,4417,1804,1494,5,50
20,5200000,2019,2,0,1950,0,4658,1890,1644,5,66
18,725000,2016,2,1,1248,1,4490,1730,1485,5,43
8,725000,2021,0,1,1197,1,3805,1680,1520,5,60
18,155000,2011,0,1,796,1,3495,1475,1460,5,35
7,700000,2022,5,1,1199,1,3995,1695,1501,5,35
8,235000,2011,2,1,1582,1,4370,1700,1475,5,43
29,1975000,2014,2,1,2982,0,4705,1840,1850,7,80
17,810000,2012,2,1,2179,0,4585,1890,1785,7,70
12,1350000,2019,2,1,1493,1,4315,1800,1645,5,50
17,450000,2011,2,1,2179,2,4430,1817,1975,8,60
8,250000,2011,5,1,1197,1,3585,1595,1550,5,35
8,819999,2020,2,1,1396,1,3985,1734,1505,5,45
29,2690000,2017,2,0,2755,0,4795,1855,1835,7,80
8,1240000,2018,2,0,1582,1,4270,1780,1665,5,55
7,790000,2016,5,1,1497,1,4440,1695,1495,5,40
8,150000,2008,5,1,1086,1,3565,1595,1550,5,35
1,8300000,2020,2,0,2993,0,4922,2004,1745,5,80
31,6000000,2020,2,0,1969,1,4963,1879,1443,5,55
8,390000,2014,2,1,1120,1,3995,1660,1520,5,43
8,385000,2011,5,1,1591,1,4370,1700,1475,5,43
6,3650000,2019,2,0,3198,0,4892,1860,1837,7,80
8,547000,2013,5,1,1591,1,4370,1700,1475,5,43
8,1295000,2018,5,0,1591,1,4270,1780,1665,5,55
8,250000,2011,5,1,1197,1,3585,1595,1550,5,35
29,1670000,2019,5,0,1798,1,4620,1775,1475,5,55
18,890000,2017,2,1,1248,1,3995,1790,1640,5,48
0,2380000,2019,2,0,1968,1,4456,1796,1416,5,50
18,775000,2018,5,0,1197,1,3995,1745,1510,5,37
30,500000,2014,2,1,1498,1,3987,1698,1483,5,45
20,675000,2011,2,0,2143,2,4596,2020,1447,5,66
30,525000,2014,5,1,1198,1,3970,1682,1453,5,45
6,850000,2019,2,1,1498,1,3998,1765,1647,5,52
24,390000,2018,5,1,999,1,3679,1579,1478,5,28
8,965000,2018,2,1,1582,1,4375,1700,1475,5,43
27,975000,2013,2,0,2696,0,4755,1900,1785,7,78
1,3025000,2019,2,0,1995,2,4454,2044,1545,5,63
0,1390000,2014,2,0,1968,1,4456,1796,1416,5,50
18,950000,2022,5,0,1197,1,3995,1735,1515,5,37
0,5900000,2018,2,0,2967,0,5052,1968,1740,7,75
18,409999,2014,5,1,1197,1,3850,1695,1530,5,42
30,575000,2017,2,1,1498,1,3995,1682,1483,5,45
7,1450000,2022,2,1,1498,1,4549,1748,1489,5,40
20,1650000,2014,5,0,1796,2,4868,1854,1470,5,80
18,823000,2018,5,0,1462,1,4490,1730,1485,5,43
28,2095000,2021,2,1,1956,1,4598,1894,1706,5,50
8,335000,2016,2,1,1186,1,3765,1660,1520,5,43
8,649000,2020,5,1,1197,1,3765,1660,1520,5,43
7,400000,2013,5,1,1497,1,4440,1695,1485,5,42
1,5500000,2020,5,0,1998,2,4633,1811,1429,5,57
29,1375000,2013,2,1,2982,2,4705,1840,1850,7,80
8,1190000,2018,2,0,1582,1,4270,1780,1630,5,60
28,1930000,2021,2,1,1956,1,4598,1894,1706,5,50
29,990000,2015,2,1,2494,2,4585,1765,1760,7,55
8,725000,2017,5,1,1197,1,3985,1734,1505,5,45
20,6100000,2022,2,0,1950,2,4686,1810,1442,5,66
18,575000,2015,5,1,1373,1,4490,1730,1485,5,43
13,3200000,2016,2,0,1999,0,4600,2069,1690,7,65
29,2850000,2022,2,0,2393,2,4735,1830,1795,7,55
18,725000,2016,5,1,1373,1,4296,1695,1685,7,45
22,380000,2013,2,1,1461,1,4425,1695,1505,5,41
7,434999,2014,5,0,1199,1,3990,1680,1505,5,35
30,425000,2016,5,1,1198,1,3971,1682,1469,5,45
7,675000,2020,5,1,1199,1,3995,1695,1501,5,35
8,399000,2014,5,1,1197,1,3995,1660,1520,5,43
30,685000,2015,2,0,1498,1,4384,1699,1466,5,55
30,940000,2021,5,1,1598,1,4390,1699,1467,5,55
20,13100000,2021,5,0,2999,0,5207,2157,1823,7,90
0,2690000,2016,2,0,1968,0,4629,1898,1653,5,75
7,1255000,2021,5,1,1497,1,4440,1695,1495,5,40
8,390000,2014,5,1,1197,1,3765,1660,1520,5,43
8,525000,2014,2,1,1582,1,4370,1700,1475,5,43
0,3450000,2022,5,0,1984,0,4318,1805,1548,5,55
17,1090000,2017,2,1,2179,1,4585,1890,1785,7,70
7,275000,2009,5,1,1497,1,4420,1695,1480,5,42
29,434999,2015,5,1,1197,1,3895,1735,1555,5,45
8,2089999,2019,2,0,1995,1,4475,1850,1660,5,62
18,500000,2015,2,1,1248,1,3995,1695,1555,5,42
18,400000,2015,2,1,1248,1,3995,1695,1555,5,42
8,225000,2012,5,1,1086,1,3585,1595,1550,5,35
17,965000,2021,2,1,1497,1,3995,1821,1627,5,42
8,825000,2017,2,1,1396,1,4270,1780,1630,5,60
8,254999,2012,5,1,1086,1,3565,1525,1590,5,35
17,525000,2015,2,1,2523,2,4107,1745,1880,7,60
6,285000,2013,2,1,1498,1,3999,1765,1708,5,52
2,229999,2011,2,1,936,1,3640,1595,1520,5,35
31,4400000,2020,5,0,1969,1,4425,1863,1652,5,54
18,200000,2011,5,1,998,1,3620,1475,1460,5,35
18,1011000,2019,2,0,1248,1,3995,1790,1640,5,48
20,6500000,2020,2,0,1950,0,4658,1890,1644,5,66
18,1063000,2019,2,1,1598,1,4300,1765,1590,5,48
18,675000,2016,5,0,1373,1,4265,1695,1685,7,45
20,7475000,2021,2,0,1950,2,5063,1860,1494,5,80
20,7000000,2021,2,0,1950,0,4658,1890,1644,5,66
0,2175000,2015,2,0,1968,0,4629,1898,1653,5,75
7,690000,2015,5,0,1497,1,4440,1695,1495,5,40
0,1525000,2016,2,0,1968,1,4456,1796,1416,5,50
7,475000,2011,5,0,2354,1,4950,1845,1475,5,70
8,1123000,2017,2,0,1582,1,4440,1729,1475,5,45
18,990000,2019,5,0,1462,1,4395,1735,1690,7,45
1,5250000,2018,2,0,2993,2,4899,2094,1464,5,65
7,515000,2015,2,1,1498,1,3990,1680,1505,5,35
18,850000,2019,5,0,1462,1,4490,1730,1485,5,43
18,865000,2018,2,1,1248,1,3995,1790,1640,5,48
18,365000,2009,2,1,1248,1,4160,1690,1530,5,43
20,3390000,2015,2,0,2987,0,5120,1934,1850,7,100
0,1450000,2014,2,0,1968,1,4915,1874,1455,5,65
17,650000,2015,2,1,2523,2,4456,1820,1930,8,60
0,1175000,2013,2,0,1968,1,4701,1826,1427,5,63
8,325000,2017,5,1,814,1,3495,1550,1500,5,32
24,525000,2014,2,1,1461,1,4315,1822,1695,5,50
18,1225000,2021,5,1,1462,1,4395,1735,1690,7,45
20,4200000,2021,2,0,1950,1,4549,1796,1446,5,43
8,550000,2015,5,1,1197,1,3985,1734,1505,5,45
8,1275000,2019,2,1,1582,1,4270,1780,1665,5,55
13,3900000,2016,2,0,1999,0,4600,2069,1690,7,65
24,434999,2019,5,1,799,1,3679,1579,1478,5,28
18,775000,2017,5,1,1373,1,4296,1695,1685,7,45
8,185000,2008,5,0,1197,1,3565,1595,1550,5,35
8,560000,2017,5,1,1197,1,3765,1660,1520,5,43
29,1000000,2014,2,1,2494,2,4585,1760,1760,7,55
20,5000000,2016,2,0,2987,0,4819,2141,1796,5,93
18,635000,2016,2,1,1248,1,4490,1730,1485,5,43
18,650000,2020,5,1,1197,1,3995,1735,1515,5,37
3,345000,2019,5,1,1198,1,3785,1635,1485,5,35
17,865000,2017,2,1,2179,1,4585,1890,1785,7,70
0,1380000,2014,2,0,1968,1,4701,1826,1427,5,63
18,585000,2018,5,1,1373,1,4490,1730,1485,5,43
29,690000,2020,5,1,1197,1,3995,1745,1510,5,37
18,380000,2018,0,1,998,1,3599,1495,1700,5,35
28,850000,2018,2,1,2179,2,4788,1903,1791,7,60
29,1750000,2013,2,1,2982,0,4705,1840,1850,7,80
18,275000,2013,2,1,1248,1,3775,1680,1620,5,43
30,690000,2018,5,1,1598,1,4390,1699,1467,5,55
8,1130000,2020,5,1,998,1,3995,1775,1505,5,37
29,2295000,2019,2,0,2755,2,4735,1830,1795,7,55
20,4100000,2021,5,0,1332,1,4549,1796,1446,5,43
28,725000,2018,2,1,1497,1,3994,1811,1607,5,44
8,595000,2019,5,1,1197,1,3985,1734,1505,5,40
8,290000,2011,5,1,1197,1,3585,1595,1550,5,35
11,6100000,2022,5,0,1995,0,4882,1894,1848,5,81
17,1080000,2020,2,1,1497,1,3995,1821,1627,5,42
29,299000,2013,2,1,1364,1,4265,1695,1510,5,45
18,575000,2018,6,1,1197,1,3850,1695,1530,5,42
7,390000,2014,5,0,1198,1,3990,1680,1505,5,35
17,875000,2015,2,1,2179,2,4456,1820,1995,8,60
8,1175000,2021,2,1,1396,1,3995,1770,1605,5,45
18,260000,2012,5,1,998,1,3620,1475,1460,5,35
7,650000,2019,5,1,1198,1,3990,1680,1505,5,35
30,625000,2017,5,1,1198,1,3995,1682,1483,5,45
15,1725000,2019,2,1,1956,1,4655,1835,1760,5,60
18,299000,2015,0,1,998,1,3599,1495,1700,5,35
8,375000,2013,5,0,1197,1,3585,1595,1550,5,35
18,639000,2020,5,0,998,1,3695,1600,1560,5,35
18,591000,2015,2,1,1248,1,4490,1730,1485,5,43
20,4200000,2018,2,0,2143,0,4819,2141,1796,5,93
7,250000,2009,5,0,1497,1,4420,1695,1480,5,42
12,1399000,2021,5,1,1497,1,4315,1800,1645,5,50
8,740000,2020,0,1,1197,1,3995,1680,1520,5,65
8,175000,2009,5,1,1086,1,3565,1595,1550,5,35
1,1600000,2013,2,0,2993,2,4899,2094,1464,5,65
7,250000,2017,2,1,1498,1,4440,1695,1495,5,40
24,625000,2017,2,1,1461,1,4315,1822,1695,5,50
1,4800000,2019,2,0,1995,2,4936,1868,1479,5,65
18,575000,2015,5,1,1197,1,3850,1695,1530,5,42
1,2800000,2017,2,0,1995,2,4454,2044,1545,5,63
7,785000,2018,5,0,1199,1,3955,1694,1544,5,40
13,4575000,2019,2,0,2179,0,4600,2069,1724,7,65
0,1950000,2016,2,0,1968,0,4385,1831,1608,5,64
1,4800000,2019,2,0,1995,2,4936,1868,1479,5,65
29,1998999,2019,2,1,2393,2,4735,1830,1795,8,55
6,475000,2016,5,1,1499,1,3999,1765,1708,5,52
8,415000,2014,2,1,1582,1,4370,1700,1475,5,43
8,375000,2012,2,1,1336,1,3995,1710,1505,5,45
29,300000,2011,5,1,1496,1,4265,1695,1510,5,45
17,1500000,2021,5,1,1997,0,3985,1820,1844,4,57
18,975000,2019,2,1,1248,1,3995,1790,1640,5,48
18,370000,2015,5,1,998,1,3545,1490,1475,5,35
8,250000,2012,5,1,1086,1,3585,1595,1550,5,35
10,3150000,2014,2,0,2993,2,5252,1899,1457,5,83
17,1115000,2018,2,1,2179,1,4585,1890,1785,7,70
8,130000,2009,5,1,1086,1,3565,1595,1550,5,35
18,299000,2013,5,1,1197,1,3850,1695,1530,5,42
8,300000,2014,5,1,1197,1,3995,1710,1505,5,45
26,3325000,2021,5,0,1984,1,4869,1864,1469,5,66
0,1950000,2016,2,0,1968,1,4701,1826,1427,5,63
18,500000,2015,2,1,1248,1,3995,1695,1555,5,42
8,595000,2015,5,1,1197,1,3995,1760,1555,5,45
18,484999,2018,5,0,998,1,3715,1635,1565,5,35
17,1700000,2021,2,1,2184,0,3985,1820,1855,4,57
18,579000,2019,5,1,1197,1,3655,1620,1675,5,32
6,3800000,2020,2,0,1996,2,4903,1869,1837,7,80
29,3290000,2018,2,0,2755,2,4795,1855,1835,7,80
20,4250000,2018,2,0,1950,2,4686,1810,1442,5,66
18,535000,2017,5,1,1197,1,3995,1745,1500,5,37
24,775000,2017,2,0,1461,1,4315,1822,1695,5,50
18,345000,2014,5,0,998,1,3600,1600,1560,5,35
26,3400000,2019,5,0,1984,1,4689,1814,1496,5,50
1,4500000,2018,2,0,1995,2,4936,1868,1479,5,65
7,525000,2016,5,1,1199,1,3955,1694,1544,5,40
8,650000,2016,5,1,1197,1,3985,1734,1505,5,45
8,1074000,2017,5,0,1591,1,4270,1780,1630,5,60
8,1750000,2021,2,1,1582,1,4270,1780,1630,5,60
22,590000,2014,2,1,1461,1,4331,1822,1671,5,50
6,7990000,2018,5,0,4951,2,4784,2080,1391,4,60
8,1725000,2020,2,1,1493,1,4300,1790,1635,5,50
18,630000,2019,5,0,998,1,3695,1600,1560,5,35
20,6975000,2020,2,0,1950,2,4988,1890,1435,5,66
29,1375000,2013,2,1,2982,2,4705,1840,1850,7,80
7,425000,2014,2,1,1498,1,3990,1680,1505,5,35
29,2196000,2019,2,0,2755,2,4735,1830,1795,8,55
20,6300000,2020,2,0,1950,2,5140,1928,1901,6,57
7,250000,2009,5,1,1497,1,4420,1695,1480,5,42
0,2950000,2018,2,0,1968,1,4456,1796,1416,5,50
17,985000,2017,2,1,2179,2,4456,1820,1995,8,60
8,750000,2019,5,0,998,1,3995,1770,1605,5,45
18,450000,2018,5,1,998,1,3636,1475,1670,5,35
18,849000,2021,5,1,1462,1,3995,1790,1640,5,48
18,430000,2014,5,1,1197,1,3995,1695,1555,5,42
18,740000,2017,2,1,1248,1,4296,1695,1685,7,45
1,12500000,2021,5,0,2998,0,5151,2000,1805,6,83
8,1260000,2018,5,0,1591,1,4270,1780,1665,5,55
24,250000,2017,5,1,799,1,3679,1579,1478,5,28
8,975000,2018,5,0,1591,1,4440,1729,1475,5,45
0,4151000,2022,5,0,1984,1,4762,1847,1433,5,54
1,3250000,2020,2,0,1995,2,4454,1798,1545,5,61
6,3450000,2018,2,0,3198,0,4892,1860,1837,7,80
1,6680000,2022,5,0,1998,0,4708,1891,1676,5,60
17,600000,2016,2,1,1493,2,3995,1835,1839,7,60
8,1465000,2019,5,0,1999,1,4570,1800,1465,5,50
8,475000,2014,5,1,1591,1,4370,1700,1475,5,43
24,1000000,2022,5,0,999,1,3991,1750,1605,5,40
29,1850000,2016,2,0,2755,2,4735,1830,1795,7,55
18,570000,2015,5,1,1373,1,4490,1730,1485,5,43
8,770000,2016,5,0,1591,1,4375,1700,1475,5,43
7,1040000,2019,5,0,1497,1,4440,1695,1495,5,40
17,675000,2014,2,1,2179,2,4430,1817,1975,8,60
18,450000,2014,5,1,1197,1,3995,1695,1555,5,42
18,800000,2022,5,1,1197,1,3845,1735,1530,5,37
28,2200000,2021,2,1,2179,2,4655,1965,1922,7,63
17,1075000,2015,2,1,2179,1,4585,1890,1785,7,70
18,560000,2018,2,1,1248,1,3995,1735,1515,5,37
8,450000,2016,5,1,1197,1,3765,1660,1520,5,43
31,4175000,2018,2,0,1969,1,4963,1879,1443,5,55
16,5200000,2022,5,0,1998,1,3850,1727,1414,4,44
8,810000,2018,2,1,1582,1,4440,1729,1475,5,45
20,1875000,2011,5,0,4663,2,5246,1899,1494,4,80
7,520000,2015,5,0,1198,1,3955,1694,1544,5,40
20,8900000,2021,2,0,1950,0,4924,2157,1772,5,93
18,425000,2015,2,1,1248,1,3850,1695,1530,5,42
18,325000,2012,5,1,1197,1,3850,1695,1530,5,42
31,1950000,2016,2,0,2400,0,4644,1891,1713,5,70
1,5300000,2019,2,0,1995,0,4657,1881,1678,5,67
17,950000,2018,2,1,2523,2,4456,1820,1930,8,60
31,8500000,2021,2,0,1969,0,4953,2008,1776,7,71
0,1975000,2015,2,0,1968,1,4933,1874,1455,5,75
20,4200000,2017,2,0,2143,0,4819,2141,1796,5,93
20,3500000,2019,2,0,1950,2,4686,1810,1442,5,66
24,375000,2017,5,1,999,1,3679,1579,1478,5,28
20,1825000,2016,2,0,2143,1,4424,1804,1494,5,50
17,1710000,2021,5,0,1997,0,3985,1820,1844,4,57
18,375000,2014,5,0,998,1,3600,1600,1560,5,35
18,285000,2016,5,1,796,1,3395,1490,1475,5,35
17,1850000,2021,5,1,1997,0,3985,1820,1920,6,57
18,621000,2013,2,1,1248,1,4265,1695,1685,7,45
21,1475000,2016,2,0,2477,2,4695,1815,1840,7,70
29,1800000,2015,2,0,2982,2,4705,1840,1850,7,80
8,399000,2018,5,1,1197,1,3765,1660,1520,5,43
8,890000,2015,2,1,1582,1,4270,1780,1630,5,60
8,1325000,2021,5,0,1591,1,4370,1700,1475,5,43
20,5300000,2022,2,0,2148,2,4596,1770,1447,5,66
20,4775000,2018,2,0,1950,2,5063,1860,1494,5,80
17,249000,2013,2,1,1493,2,3985,1850,1880,7,55
18,509999,2019,5,1,998,1,3695,1600,1560,5,35
11,1450000,2018,2,1,1956,0,4395,1818,1640,5,60
18,640000,2017,2,1,1598,1,4300,1765,1590,5,48
18,299000,2017,2,1,793,1,3600,1600,1560,5,35
18,195000,2009,4,1,1061,1,3520,1475,1660,5,35
20,1495000,2011,2,0,2987,2,5226,2120,1479,5,90
23,14900000,2021,5,0,2995,0,4918,1983,1696,5,75
29,350000,2013,5,1,1197,1,3775,1695,1510,5,45
29,1421000,2017,2,1,2393,2,4735,1830,1795,7,55
7,595000,2017,5,0,1199,1,3955,1694,1544,5,40
18,351000,2013,2,1,1248,1,3995,1695,1555,5,42
17,975000,2017,2,1,2179,0,4585,1890,1785,7,70
18,825000,2019,5,1,1462,1,4490,1730,1485,5,43
28,1050000,2017,2,1,2179,2,4788,1903,1791,6,60
0,1970000,2017,2,0,1968,1,4385,1831,1608,5,64
1,4100000,2020,2,0,1995,1,4526,1800,1420,5,50
0,1525000,2015,2,0,1968,1,4701,1826,1427,5,63
20,4150000,2021,5,0,1332,1,4549,1796,1446,5,43
18,725000,2017,2,1,1248,1,3995,1790,1640,5,48
29,340000,2011,5,1,1794,1,4540,1760,1480,5,55
18,650000,2018,5,1,1197,1,3995,1745,1500,5,37
18,570000,2019,5,1,1197,1,3850,1695,1530,5,42
17,1220000,2020,2,1,2179,2,4456,1820,1995,7,60
17,800000,2017,2,1,1997,1,4585,1890,1785,7,70
18,660000,2017,5,0,1197,1,3995,1745,1500,5,37
7,575000,2017,5,1,1199,1,3999,1734,1601,5,40
17,240000,2013,2,1,1493,2,3985,1850,1880,7,55
7,950000,2019,5,1,1497,1,4440,1695,1495,5,40
24,419000,2017,5,1,799,1,3679,1579,1478,5,28
18,750000,2017,5,0,1197,1,3995,1695,1555,5,42
0,3400000,2019,2,0,1968,1,4726,1842,1427,5,54
26,1160000,2015,2,0,1968,1,4659,1814,1476,5,50
8,1750000,2021,2,1,1493,1,4500,1790,1675,7,50
12,1575000,2020,2,0,1493,1,4315,1800,1645,5,50
29,2811000,2019,2,0,2755,2,4795,1855,1835,7,80
8,475000,2016,5,1,1197,1,3765,1660,1520,5,43
0,4351000,2018,2,0,1968,1,4933,1874,1455,5,75
7,850000,2017,5,1,1497,1,4440,1695,1495,5,40
17,1095000,2018,2,1,2179,1,4585,1890,1785,7,70
1,7700000,2021,2,0,2993,2,4963,1868,1467,5,66
0,5800000,2021,5,0,1984,1,4939,1886,1457,5,73
8,1925000,2022,5,0,1497,1,4300,1790,1635,5,50
24,305000,2018,5,1,799,1,3679,1579,1478,5,28
22,385000,2013,2,1,1461,1,4331,1822,1671,5,50
26,500000,2012,2,1,1598,1,4386,1699,1466,5,55
7,655000,2017,5,1,1199,1,3955,1694,1544,5,40
28,925000,2017,2,1,1497,1,3994,1811,1607,5,44
8,690000,2017,2,1,1396,1,3985,1734,1505,5,45
17,1500000,2019,2,1,2179,1,4585,1890,1785,7,70
18,625000,2015,2,1,1248,1,4265,1695,1685,7,45
8,844999,2018,2,1,1582,1,4375,1700,1475,5,43
7,745000,2018,5,0,1497,1,4453,1735,1666,7,42
17,650000,2015,2,0,1493,2,3995,1835,1839,7,60
18,640000,2017,2,1,1248,1,3995,1790,1640,5,48
31,2050000,2017,2,0,1984,1,4370,1783,1458,5,60
18,395000,2014,5,0,998,1,3600,1600,1560,5,35
26,1390000,2017,5,0,1798,1,4670,1814,1476,5,50
7,365000,2010,5,1,1497,1,4420,1695,1480,5,42
8,451000,2017,2,1,1120,1,3995,1660,1520,5,43
29,2150000,2017,2,0,2755,2,4735,1830,1795,7,55
26,880000,2018,5,1,1598,1,4386,1699,1466,5,55
8,1180000,2019,5,0,1591,1,4370,1700,1475,5,43
18,285000,2016,5,1,796,1,3395,1490,1475,5,35
8,925000,2018,2,1,1582,1,4375,1700,1475,5,43
6,675000,2019,2,1,1498,1,3995,1704,1525,5,40
16,2500000,2015,2,0,1496,1,3982,1727,1425,5,44
0,3675000,2019,2,0,1968,1,4933,1874,1455,5,75
8,2400000,2022,2,0,1493,1,4500,1790,1675,7,50
12,1300000,2020,2,1,1493,1,4315,1800,1645,5,50
8,825000,2021,5,0,1197,1,3805,1680,1520,5,37
29,899000,2015,2,1,2494,2,4585,1765,1760,8,55
18,409999,2021,5,1,796,1,3445,1515,1475,5,35
18,289000,2015,0,1,796,1,3395,1490,1475,5,35
18,280000,2011,5,1,998,1,3620,1475,1460,5,35
8,811999,2017,2,1,1582,1,4440,1729,1475,5,45
1,5400000,2017,2,0,2993,2,4936,1868,1479,4,78
30,625000,2014,2,1,1498,1,3971,1682,1469,5,45
18,725000,2017,2,1,1248,1,3995,1790,1640,5,48
1,4195000,2017,2,0,1995,0,4657,1881,1678,5,67
0,1450000,2014,2,0,1968,0,4385,1831,1608,5,64
22,425000,2014,2,1,1461,1,4331,1822,1671,5,50
8,250000,2013,5,1,814,1,3495,1550,1500,5,32
18,800000,2018,2,1,1248,1,3995,1735,1515,5,37
17,875000,2015,2,1,2179,2,4456,1820,1995,8,60
20,2275000,2016,2,0,2143,1,4424,1804,1494,5,50
28,525000,2019,5,1,1199,1,3793,1665,1587,5,35
20,20000000,2021,5,0,2996,2,5246,1899,1494,5,80
17,1520000,2021,5,1,1997,0,3985,1820,1844,4,57
8,170000,2009,5,1,1086,1,3565,1595,1550,5,35
6,3300000,2019,2,0,3198,0,4903,1869,1837,7,80
18,575000,2018,5,0,998,1,3600,1600,1560,5,35
2,190000,2013,5,1,995,1,3495,1495,1518,5,38
8,755000,2022,5,1,1197,1,3805,1680,1520,5,37
7,1130000,2015,5,0,1997,1,4545,1820,1685,5,58
18,610000,2017,5,1,1197,1,3995,1695,1555,5,42
0,1875000,2016,2,0,1968,0,4385,1831,1608,5,64
18,480000,2021,0,1,796,1,3395,1490,1475,5,35
24,365000,2019,5,1,999,1,3679,1579,1478,5,28
6,745000,2017,2,1,1498,1,3999,1765,1708,5,52
20,1150000,2013,5,0,1595,1,4359,2010,1557,5,50
8,200000,2014,2,1,1120,1,3995,1660,1520,5,43
7,775000,2016,5,0,1497,1,4440,1695,1495,5,40
8,860000,2016,5,1,1591,1,4270,1780,1630,5,60
0,2089999,2018,5,0,1395,1,4456,1796,1416,5,50
8,1100000,2019,2,1,1582,1,4375,1700,1475,5,43
20,18500000,2021,2,0,2925,2,5246,1899,1494,5,70
18,260000,2011,2,1,1248,1,3995,1695,1555,5,42
20,2690000,2016,2,0,2143,2,4879,1854,1474,5,80
26,1400000,2020,2,0,1968,1,4670,1814,1476,5,50
8,515000,2022,5,1,1086,1,3610,1645,1560,5,35
18,600000,2014,2,1,1248,1,4265,1695,1685,7,45
6,2000000,2017,2,0,3198,0,4892,1860,1837,7,80
10,2850000,2018,2,0,1999,2,4795,1967,1416,5,56
29,3200000,2017,2,0,2755,0,4795,1855,1835,7,80
29,1075000,2016,5,1,1798,1,4620,1775,1475,5,55
28,575000,2020,5,1,1199,1,3990,1755,1523,5,37
31,3950000,2018,2,0,1969,0,4425,1863,1652,5,54
18,750000,2019,5,1,1462,1,4490,1730,1485,5,43
7,755000,2017,2,1,1498,1,3999,1734,1601,5,40
8,190000,2010,5,1,1197,1,3565,1595,1550,5,35
18,425000,2014,2,1,1248,1,3995,1695,1555,5,42
18,390000,2019,0,1,796,1,3395,1490,1475,5,35
8,855000,2017,2,1,1582,1,4375,1700,1475,5,43
8,225000,2012,5,1,814,1,3495,1550,1500,5,32
0,2425000,2016,2,0,1968,1,4933,1874,1455,5,75
17,1270000,2019,2,1,2179,2,4456,1820,1995,7,60
18,325000,2014,0,1,998,1,3599,1495,1700,5,35
28,750000,2019,5,1,1198,1,3994,1811,1607,5,44
18,450000,2014,5,0,998,1,3695,1600,1560,5,35
15,1710000,2020,2,1,1956,1,4655,1835,1760,5,60
8,871000,2015,2,1,1582,1,4270,1780,1630,5,60
18,625000,2021,0,1,998,1,3599,1495,1700,5,35
17,495000,2016,2,1,1198,1,3675,1715,1655,6,35
7,600000,2016,2,1,1498,1,4440,1695,1495,5,40
8,595000,2014,2,1,1582,1,4370,1700,1475,5,43
7,425000,2014,5,1,1198,1,3990,1680,1505,5,35
8,1050000,2021,5,1,998,1,3995,1770,1605,5,45
8,1299000,2019,2,1,1582,1,4270,1780,1665,5,55
8,175000,2009,5,1,1086,1,3565,1595,1550,5,35
18,994999,2019,5,1,1462,1,4445,1775,1700,6,45
18,1025000,2019,0,1,1373,1,4296,1695,1685,7,45
24,265000,2016,5,1,999,1,3679,1579,1478,5,28
18,475000,2015,5,1,1197,1,3995,1745,1500,5,37
8,660000,2018,5,1,1197,1,3985,1734,1505,5,45
24,490000,2019,5,0,999,1,3679,1579,1478,5,28
29,1950000,2018,5,0,2694,2,4735,1830,1795,7,65
22,315000,2012,5,1,1498,1,4425,1695,1505,5,41
20,4190000,2017,2,0,2143,0,4819,2141,1796,5,93
7,341000,2016,5,1,1198,1,3610,1680,1500,5,35
18,950000,2018,2,1,1248,1,3995,1790,1640,5,48
18,409999,2014,5,1,1197,1,3850,1695,1530,5,42
18,1050000,2021,2,1,1248,1,4490,1730,1485,5,43
18,365000,2013,5,1,1197,1,3850,1695,1530,5,42
20,3100000,2019,2,0,2143,1,4630,1777,1432,5,56
17,1875000,2022,2,0,2184,0,3985,1820,1844,4,57
13,5100000,2019,5,0,1999,0,4600,2069,1724,7,65
6,595000,2015,2,1,1498,1,3999,1765,1708,5,52
20,5200000,2020,2,0,1950,2,5063,1860,1494,5,80
13,6000000,2014,2,0,2993,0,4879,2073,1780,5,77
20,5775000,2019,2,0,2143,0,4819,2141,1796,5,93
20,4975000,2021,5,0,1991,2,4686,1810,1442,5,66
18,650000,2017,2,1,1248,1,4490,1730,1485,5,43
18,521000,2017,5,0,1197,1,3700,1690,1595,5,32
6,570000,2016,2,1,1498,1,3999,1765,1708,5,52
20,8100000,2022,2,0,1950,0,4658,1890,1644,5,66
24,299000,2018,5,1,999,1,3679,1579,1478,5,28
26,350000,2012,2,1,1598,1,4386,1699,1466,5,55
18,575000,2017,2,1,1248,1,3995,1695,1555,5,42
7,335000,2013,5,0,1198,1,3610,1680,1500,5,35
8,480000,2019,5,1,1197,1,3765,1660,1520,5,43
18,675000,2021,0,1,998,1,3655,1620,1675,5,60
6,350000,2012,2,1,1498,1,4320,1764,1486,5,40
20,2500000,2018,2,0,2143,1,4424,1804,1494,5,50
18,400000,2017,0,1,998,1,3599,1495,1700,5,35
29,2750000,2017,2,0,2755,0,4795,1855,1835,7,80
18,790000,2017,2,1,1248,1,3995,1790,1640,5,48
18,180000,2014,5,1,796,1,3395,1490,1475,5,35
8,551000,2019,2,1,1120,1,3995,1660,1520,5,43
18,860000,2018,2,1,1248,1,3995,1790,1640,5,48
7,375000,2013,5,1,1497,1,4440,1695,1485,5,42
18,725000,2017,5,0,1373,1,4490,1730,1485,5,43
8,400000,2017,5,1,1197,1,3765,1660,1520,5,43
11,2275000,2022,5,0,1368,1,4405,1818,1640,5,60
11,1250000,2018,2,1,1956,1,4395,1818,1640,5,60
7,499000,2012,5,1,1497,1,4440,1695,1485,5,42
30,399000,2014,5,0,1598,1,4384,1699,1466,5,55
20,335000,2008,2,0,2987,2,4818,1822,1420,5,80
18,450000,2015,5,1,1197,1,3995,1695,1555,5,42
18,409999,2015,5,0,998,1,3600,1600,1560,5,35
20,6100000,2020,2,0,1950,2,5063,1860,1494,5,80
0,3000000,2017,5,0,1395,1,4726,1842,1427,5,54
3,250000,2018,5,1,999,1,3429,1560,1541,5,28
1,6200000,2021,2,0,1995,0,4657,1881,1678,5,67
18,590000,2014,2,1,1248,1,3850,1695,1530,5,42
16,1300000,2013,2,0,1995,1,4097,1789,1561,5,47
17,1639999,2018,2,0,2179,1,4585,1890,1785,7,70
17,740000,2013,2,1,2179,1,4585,1890,1785,7,70
6,530000,2013,2,1,1498,1,3999,1765,1708,5,52
8,1989999,2022,2,0,1493,1,4300,1790,1635,5,50
29,3250000,2018,2,1,2755,2,4795,1855,1835,7,80
12,1975000,2021,5,0,1353,1,4315,1800,1645,5,50
17,735000,2015,2,1,2179,0,4585,1890,1785,7,70
28,425000,2013,2,1,2179,2,4655,1965,1922,7,55
29,315000,2011,5,1,1197,1,3775,1695,1510,5,45
8,275000,2013,5,1,814,1,3495,1550,1500,5,32
7,750000,2018,2,1,1498,1,4440,1695,1495,5,40
29,465000,2014,2,1,1364,1,4265,1695,1510,5,45
12,1325000,2021,5,1,998,1,3995,1790,1647,5,45
18,175000,2008,2,1,1248,1,3995,1695,1555,5,42
20,950000,2011,5,0,1991,2,4879,1854,1474,5,80
18,275000,2011,2,1,1248,1,3995,1695,1555,5,42
29,1000000,2010,2,1,2982,0,4695,1840,1850,7,80
7,730000,2016,5,1,1497,1,4440,1695,1495,5,40
11,1495000,2018,5,0,1368,1,4395,1818,1640,5,60
20,1150000,2014,5,0,1595,1,4359,2010,1557,5,50
7,590000,2015,5,0,1497,1,4440,1695,1495,5,40
20,2450000,2014,2,0,2143,2,4686,1810,1442,5,66
2,299000,2014,5,1,1199,1,4249,1690,1503,5,42
20,2850000,2016,2,0,2143,2,4686,1810,1442,5,66
17,2765000,2022,5,0,1997,1,4695,1890,1755,7,60
18,365000,2014,0,1,998,1,3599,1495,1700,5,35
18,850000,2018,2,1,1248,1,3995,1790,1640,5,48
7,480000,2015,5,1,1497,1,4440,1695,1495,5,40
8,345000,2016,2,1,1120,1,3765,1660,1520,5,43
20,5950000,2017,5,0,2996,0,5130,1934,1850,5,100
8,891000,2016,5,1,1591,1,4270,1780,1630,5,60
18,925000,2021,5,1,1462,1,3995,1790,1640,5,48
18,245000,2014,5,1,1197,1,3775,1680,1620,5,43
17,850000,2016,2,1,2179,1,4585,1890,1785,7,70
8,275000,2014,5,1,814,1,3495,1550,1500,5,32
6,240000,2013,5,1,1196,1,3795,1680,1427,5,45
1,4290000,2018,2,0,1995,2,4936,1868,1479,5,65
